ID,Player,Team,Position,RkOv,Status,Opponent,FPts,FP/G,Ros,+/-,PlayerID,CurrentInFantrax,LastSeen,7d_Trend,7d_Date_Range,7d_FPts,7d_FP_G,7d_GP,7d_Min,7d_G,7d_A,7d_A2,7d_KP,7d_ABS,7d_AOG,7d_AR,7d_ASOP,7d_SOT,7d_TkW,7d_DIS,7d_FC,7d_FS,7d_ErG,7d_YC,7d_RC,7d_Pen,7d_6S,7d_Off,7d_AP,7d_AC,7d_CF,7d_Int,7d_CLO,7d_CoS,7d_BS,7d_AER,7d_BCC,7d_BCM,7d_HT,7d_PKG,7d_PKM,7d_PKD,7d_OG,7d_CSD,7d_CSM,7d_W,RecentTrendAvailable,7d_Sv,7d_CS,7d_GA,7d_PKS,DetailLastFPts,DetailedLastChecked
*05gcr*,Bruno Fernandes,MUN,M,1,200cm,IPS 2<br/>@MUN 5 F,49,24.5,100%,0%,05gcr,YES,2026-08-31_15-10-08,7-Day,Mon Aug 24 - Sun Aug 30,44,44,1,90,3,1,0,3,0,0,0,0,3,2,1,1,0,0,0,0,0,0,0,56,4,2,0,0,1,1,0,1,0,1,1,0,0,0,0,0,1,YES,0,0,0,0,49,2026-09-01_05-29-47
*05g2o*,Joao Pedro,CHE,"M,F",2,Hoop,BHA 3<br/>@CHE 4 F,34,17,100%,0%,05g2o,YES,2026-08-31_15-10-08,7-Day,Mon Aug 24 - Sun Aug 30,34,17,2,180,2,2,0,4,0,0,0,0,3,1,3,2,5,0,0,0,0,0,0,29,0,1,0,0,5,0,6,1,1,0,0,0,0,1,0,0,2,YES,0,0,0,0,34,2026-09-01_05-29-47
*05l8q*,Cole Palmer,CHE,"M,F",3,Bravo,BHA 3<br/>@CHE 4 F,33,16.5,100%,0%,05l8q,YES,2026-08-31_15-10-08,7-Day,Mon Aug 24 - Sun Aug 30,33,16.5,2,172,2,1,0,5,0,0,0,0,3,1,4,1,3,0,0,0,0,0,1,45,2,1,1,0,5,0,1,1,1,0,0,0,0,0,0,0,2,YES,0,0,0,0,33,2026-09-01_05-29-47
*06v07*,Rayan Cherki,MCI,M,4,Squirtz,MCI 4<br/>@CRY 1 F,32,16,100%,0%,06v07,YES,2026-08-31_15-10-08,7-Day,Mon Aug 24 - Sun Aug 30,21,21,1,81,2,0,0,3,0,0,0,0,3,0,3,4,0,0,1,0,0,0,0,62,1,1,0,0,3,0,0,1,0,0,0,0,0,0,0,0,1,YES,0,0,0,0,32,2026-09-01_05-29-47
*062p3*,Keane Lewis-Potter,BRF,"D,M,F",5,TA,BRF 1<br/>@LEE 1 F,27,13.5,68%,+40%,062p3,YES,2026-08-31_15-10-08,7-Day,Mon Aug 24 - Sun Aug 30,10,10,1,87,0,1,0,2,0,0,0,0,0,2,0,1,0,0,0,0,0,0,0,41,2,1,0,0,0,1,0,0,0,0,0,0,0,0,0,0,0,YES,0,0,0,0,27,2026-09-01_05-29-47
*04fk1*,Pascal Gross,BHA,M,6,Catdog,BHA 3<br/>@CHE 4 F,25,12.5,99%,0%,04fk1,YES,2026-08-31_15-10-08,7-Day,Mon Aug 24 - Sun Aug 30,17,17,1,90,1,0,0,2,0,1,0,0,1,1,0,2,0,0,0,0,0,0,0,55,1,1,0,0,0,1,0,1,0,0,0,0,0,0,0,0,0,YES,0,0,0,0,25,2026-09-01_05-29-47
*05uht*,Morgan Rogers,CHE,"M,F",9,007,BHA 3<br/>@CHE 4 F,24,12,100%,0%,05uht,YES,2026-08-31_15-10-08,7-Day,Mon Aug 24 - Sun Aug 30,24,12,2,171,1,1,0,9,0,0,0,0,1,2,2,3,3,0,0,0,0,0,0,29,1,2,0,0,3,0,3,2,0,0,0,0,0,0,0,0,2,YES,0,0,0,0,24,2026-09-01_05-29-47
*0427d*,James Tarkowski,EVE,D,10,Catdog,EVE 1<br/>@BOU 1 F,24,12,100%,0%,0427d,YES,2026-08-31_15-10-08,7-Day,Mon Aug 24 - Sun Aug 30,14,14,1,90,1,0,0,1,0,0,0,0,1,0,0,1,3,0,0,0,0,0,0,34,0,0,3,0,0,1,5,0,0,0,0,0,0,0,0,0,0,YES,0,0,0,0,24,2026-09-01_05-29-47
*05ogb*,Anthony Elanga,NEW,"M,F",7,Hoop,NEW 2<br/>@TOT 0 F,24,12,81%,+32%,05ogb,YES,2026-08-31_15-10-08,7-Day,Mon Aug 24 - Sun Aug 30,12,12,1,81,1,0,0,1,0,0,0,0,1,1,0,1,1,0,0,0,0,0,0,8,1,1,0,0,1,0,0,0,0,0,0,0,0,0,0,1,1,YES,0,0,0,0,24,2026-09-01_05-29-47
*067ys*,Jack Hinshelwood,BHA,M,8,007,BHA 3<br/>@CHE 4 F,24,24,80%,+23%,067ys,YES,2026-08-31_15-10-08,7-Day,Mon Aug 24 - Sun Aug 30,0,0,,,,,,,,,,,,,,,,,,,,,,,,,,,,,,,,,,,,,,,,YES,0,0,0,0,24,2026-09-01_05-29-47
*061vq*,Erling Haaland,MCI,F,11,tsnwllms,MCI 4<br/>@CRY 1 F,23,11.5,100%,0%,061vq,YES,2026-08-31_15-10-08,7-Day,Mon Aug 24 - Sun Aug 30,20,20,1,90,2,0,0,0,0,0,0,0,3,0,3,0,1,0,0,0,0,0,0,2,0,0,0,0,0,0,2,0,0,0,0,0,0,0,0,0,1,YES,0,0,0,0,23,2026-09-01_05-29-47
*067zv*,Kevin Schade,BRF,"M,F",12,tsnwllms,BRF 1<br/>@LEE 1 F,23,11.5,99%,+1%,067zv,YES,2026-08-31_15-10-08,7-Day,Mon Aug 24 - Sun Aug 30,13,13,1,87,1,0,0,1,0,0,0,0,1,2,2,1,2,0,0,0,0,0,0,9,0,1,0,0,1,1,0,0,0,0,0,0,0,0,0,0,0,YES,0,0,0,0,23,2026-09-01_05-29-47
*05trb*,Bryan Mbeumo,MUN,"M,F",17,007,IPS 2<br/>@MUN 5 F,22,11,100%,0%,05trb,YES,2026-08-31_15-10-08,7-Day,Mon Aug 24 - Sun Aug 30,16,16,1,90,1,0,0,3,1,0,0,0,1,2,0,1,1,0,1,0,0,0,0,23,2,0,0,0,0,0,1,1,2,0,0,0,0,0,0,0,1,YES,0,0,0,0,22,2026-09-01_05-29-47
*06ex4*,Josko Gvardiol,MCI,D,16,200cm,MCI 4<br/>@CRY 1 F,22,11,100%,0%,06ex4,YES,2026-08-31_15-10-08,7-Day,Mon Aug 24 - Sun Aug 30,8,8,1,74,0,1,0,2,0,0,0,0,0,0,0,2,0,0,0,0,0,0,0,42,1,0,0,0,2,0,2,0,0,0,0,0,0,0,0,0,1,YES,0,0,0,0,22,2026-09-01_05-29-47
*050jq*,Marc Guehi,MCI,D,15,Bravo,MCI 4<br/>@CRY 1 F,22,11,100%,+1%,050jq,YES,2026-08-31_15-10-08,7-Day,Mon Aug 24 - Sun Aug 30,7,7,1,90,0,0,0,1,0,0,0,0,0,0,0,1,1,0,0,0,0,0,0,111,0,0,2,0,1,0,3,0,0,0,0,0,0,0,0,0,1,YES,0,0,0,0,22,2026-09-01_05-29-47
*06y9m*,Maxim De Cuyper,BHA,"D,M",14,Jrodlem6,BHA 3<br/>@CHE 4 F,22,11,93%,+25%,06y9m,YES,2026-08-31_15-10-08,7-Day,Mon Aug 24 - Sun Aug 30,3,3,1,90,0,0,0,1,0,0,0,0,0,0,1,0,0,0,0,0,0,0,0,39,2,1,1,0,0,0,0,0,0,0,0,0,0,0,0,0,0,YES,0,0,0,0,22,2026-09-01_05-29-47
*078az*,Konstantinos Tzolakis,HUL,G,18,tsnwllms,HUL 1<br/>@COV 0 F,22,11,40%,+34%,078az,YES,2026-08-31_15-10-08,7-Day,Mon Aug 24 - Sun Aug 30,9,9,1,0,0,0,0,0,0,0,0,0,0,0,0,0,1,0,0,0,0,0,0,11,0,0,0,0,0,0,1,0,0,0,0,0,0,0,0,0,1,YES,3,1,0,0,22,2026-09-01_05-29-47
*03ksl*,Semi Ajayi,HUL,D,13,W <small>(Mon)</small>,HUL 1<br/>@COV 0 F,22,11,17%,+16%,03ksl,YES,2026-08-31_15-10-08,7-Day,Mon Aug 24 - Sun Aug 30,6,6,1,90,0,0,0,0,0,0,0,0,0,1,0,0,1,0,0,0,0,0,0,20,0,0,0,0,1,0,1,0,0,0,0,0,0,0,1,0,1,YES,0,0,0,0,22,2026-09-01_05-29-47
*04abb*,Phil Foden,MCI,M,19,Team HG,MCI 4<br/>@CRY 1 F,21,10.5,100%,0%,04abb,YES,2026-08-31_15-10-08,7-Day,Mon Aug 24 - Sun Aug 30,15,15,1,90,0,2,0,3,0,0,0,0,0,1,1,1,2,0,0,0,0,0,0,44,1,0,0,0,2,0,0,2,2,0,0,0,0,0,0,0,1,YES,0,0,0,0,21,2026-09-01_05-29-47
*06rgg*,Michael Kayode,BRF,D,21,Catdog,BRF 1<br/>@LEE 1 F,21,10.5,98%,+10%,06rgg,YES,2026-08-31_15-10-08,7-Day,Mon Aug 24 - Sun Aug 30,3,3,1,87,0,0,0,1,0,0,0,0,0,1,1,2,1,0,0,0,0,0,0,20,1,2,0,0,2,1,0,0,0,0,0,0,0,0,0,0,0,YES,0,0,0,0,21,2026-09-01_05-29-47
*05tre*,Vitaly Janelt,BRF,M,20,SDB,BRF 1<br/>@LEE 1 F,21,10.5,62%,+57%,05tre,YES,2026-08-31_15-10-08,7-Day,Mon Aug 24 - Sun Aug 30,5,5,1,90,0,0,0,2,0,0,0,0,0,1,2,1,0,0,1,0,0,0,0,41,2,0,4,0,0,0,2,0,0,0,0,0,0,0,0,0,0,YES,0,0,0,0,21,2026-09-01_05-29-47
*067yv*,Cody Gakpo,LIV,"M,F",23,SDB,NOT 2<br/>@LIV 2 F,20,10,100%,0%,067yv,YES,2026-08-31_15-10-08,7-Day,Mon Aug 24 - Sun Aug 30,7,7,1,70,0,1,0,2,0,0,0,0,0,0,2,0,0,0,0,0,0,0,1,20,1,0,1,0,1,0,0,1,0,0,0,0,0,0,0,0,0,YES,0,0,0,0,20,2026-09-01_05-29-47
*05gcc*,Kiernan Dewsbury-Hall,EVE,M,22,200cm,EVE 1<br/>@BOU 1 F,20,10,100%,0%,05gcc,YES,2026-08-31_15-10-08,7-Day,Mon Aug 24 - Sun Aug 30,6,6,1,90,0,0,0,4,0,0,0,0,1,2,2,1,1,0,0,0,0,0,0,25,2,0,0,0,1,0,0,1,0,0,0,0,0,0,0,0,0,YES,0,0,0,0,20,2026-09-01_05-29-47
*06zbx*,Anton Stach,LEE,M,24,TA,BRF 1<br/>@LEE 1 F,19,9.5,99%,+1%,06zbx,YES,2026-08-31_15-10-08,7-Day,Mon Aug 24 - Sun Aug 30,3,3,1,90,0,0,0,1,0,0,0,0,0,0,0,0,2,0,0,0,0,0,0,19,1,1,2,0,0,0,2,0,0,0,0,0,0,0,0,0,0,YES,0,0,0,0,19,2026-09-01_05-29-47
*0435m*,Granit Xhaka,SUN,M,25,SZB,FUL 0<br/>@SUN 1 F,19,9.5,94%,+3%,0435m,YES,2026-08-31_15-10-08,7-Day,Mon Aug 24 - Sun Aug 30,12,12,1,90,0,0,0,4,0,0,0,0,0,0,0,0,3,0,0,0,0,0,0,54,2,2,0,0,0,1,2,2,0,0,0,0,0,0,0,1,1,YES,0,0,0,0,19,2026-09-01_05-29-47
*06cmm*,Dominik Szoboszlai,LIV,"D,M",28,SZB,NOT 2<br/>@LIV 2 F,18,9,100%,0%,06cmm,YES,2026-08-31_15-10-08,7-Day,Mon Aug 24 - Sun Aug 30,7,7,1,90,0,0,0,2,0,0,0,0,0,3,0,1,1,0,0,0,0,0,0,73,3,0,1,0,1,1,0,0,0,0,0,0,0,0,0,0,0,YES,0,0,0,0,18,2026-09-01_05-29-47
*07877*,Mamadou Sangare,BRF,M,27,200cm,BRF 1<br/>@LEE 1 F,18,9,88%,+23%,07877,YES,2026-08-31_15-10-08,7-Day,Mon Aug 24 - Sun Aug 30,4,4,1,90,0,0,0,2,0,0,0,0,0,3,3,2,0,0,0,0,0,0,0,42,0,0,3,0,1,1,1,0,0,0,0,0,0,0,0,0,0,YES,0,0,0,0,18,2026-09-01_05-29-47
*06mpp*,Mats Wieffer,BHA,"D,M",29,Team HG,BHA 3<br/>@CHE 4 F,18,9,87%,+5%,06mpp,YES,2026-08-31_15-10-08,7-Day,Mon Aug 24 - Sun Aug 30,7,7,1,79,0,0,0,0,0,0,0,0,0,0,0,0,1,0,0,0,0,0,0,44,1,0,2,1,0,3,1,0,0,0,0,0,0,0,0,0,0,YES,0,0,0,0,18,2026-09-01_05-29-47
*078mm*,Nobel Mendy,HUL,D,26,W <small>(Mon)</small>,HUL 1<br/>@COV 0 F,18,9,19%,+17%,078mm,YES,2026-08-31_15-10-08,7-Day,Mon Aug 24 - Sun Aug 30,2,2,1,58,0,0,0,0,0,0,0,0,1,1,0,0,0,0,0,0,0,0,0,21,0,0,0,0,0,2,0,0,0,0,0,0,0,0,0,0,0,YES,0,0,0,0,18,2026-09-01_05-29-47
*061xs*,Julio Enciso,IPS,M,31,SDB,IPS 2<br/>@MUN 5 F,17,8.5,65%,+28%,061xs,YES,2026-08-31_15-10-08,7-Day,Mon Aug 24 - Sun Aug 30,7,7,1,90,0,1,0,1,0,0,0,0,1,1,3,0,2,0,0,0,0,0,0,21,0,1,0,0,3,0,0,1,1,0,0,0,0,0,0,0,0,YES,0,0,0,0,17,2026-09-01_05-29-47
*02m5l*,John Egan,HUL,D,30,W <small>(Mon)</small>,HUL 1<br/>@COV 0 F,17,8.5,5%,+4%,02m5l,YES,2026-08-31_15-10-08,7-Day,Mon Aug 24 - Sun Aug 30,8,8,1,90,0,0,0,0,0,0,0,0,0,1,1,0,1,0,0,0,0,0,0,20,0,0,2,0,0,0,5,0,0,0,0,0,0,0,1,0,1,YES,0,0,0,0,17,2026-09-01_05-29-47
*068y0*,Antoine Semenyo,MCI,"M,F",39,TA,MCI 4<br/>@CRY 1 F,16,8,100%,0%,068y0,YES,2026-08-31_15-10-08,7-Day,Mon Aug 24 - Sun Aug 30,12,12,1,90,0,1,0,3,0,0,0,0,1,0,3,1,2,0,0,0,0,0,0,41,1,4,0,0,2,0,0,1,0,0,0,0,0,0,0,0,1,YES,0,0,0,0,16,2026-09-01_05-29-47
*04qr9*,Morgan Gibbs-White,NOT,"M,F",34,Team HG,NOT 2<br/>@LIV 2 F,16,8,100%,0%,04qr9,YES,2026-08-31_15-10-08,7-Day,Mon Aug 24 - Sun Aug 30,13,13,1,90,1,1,0,1,0,0,0,0,1,1,1,1,1,0,0,0,0,0,0,17,0,0,0,0,1,0,1,1,0,0,1,0,0,0,0,0,0,YES,0,0,0,0,16,2026-09-01_05-29-47
*067yz*,Matheus Cunha,MUN,"M,F",38,Jrodlem6,IPS 2<br/>@MUN 5 F,16,8,100%,0%,067yz,YES,2026-08-31_15-10-08,7-Day,Mon Aug 24 - Sun Aug 30,13,13,1,79,0,1,0,2,0,0,0,0,1,0,1,1,2,0,0,0,0,0,0,19,0,0,0,0,0,0,0,1,0,0,0,0,1,0,0,0,1,YES,0,0,0,0,16,2026-09-01_05-29-47
*05r9b*,Martin Odegaard,ARS,M,37,SZB,@AVL Tue 5:00AM,16,16,100%,0%,05r9b,YES,2026-08-31_15-10-08,7-Day,Mon Aug 24 - Sun Aug 30,0,0,,,,,,,,,,,,,,,,,,,,,,,,,,,,,,,,,,,,,,,,YES,0,0,0,0,16,2026-09-01_05-29-47
*0639x*,Marcus Tavernier,BOU,M,40,Jrodlem6,EVE 1<br/>@BOU 1 F,16,8,100%,0%,0639x,YES,2026-08-31_15-10-08,7-Day,Mon Aug 24 - Sun Aug 30,5,5,1,90,0,0,0,2,0,0,0,0,0,2,3,0,1,0,1,0,0,0,0,35,3,2,0,0,1,0,1,1,0,0,0,0,0,0,0,0,0,YES,0,0,0,0,16,2026-09-01_05-29-47
*05y9n*,Lewis Hall,NEW,D,35,SZB,NEW 2<br/>@TOT 0 F,16,8,98%,+1%,05y9n,YES,2026-08-31_15-10-08,,,0,0,0,0,0,0,0,0,0,0,0,0,0,0,0,0,0,0,0,0,0,0,0,0,0,0,0,0,0,0,0,0,0,0,0,0,0,0,0,0,0,NO,0,0,0,0,16,2026-09-01_05-29-47
*0700p*,Malick Thiaw,NEW,D,41,200cm,NEW 2<br/>@TOT 0 F,16,8,89%,+2%,0700p,YES,2026-08-31_15-10-08,,,0,0,0,0,0,0,0,0,0,0,0,0,0,0,0,0,0,0,0,0,0,0,0,0,0,0,0,0,0,0,0,0,0,0,0,0,0,0,0,0,0,NO,0,0,0,0,16,2026-09-01_05-29-47
*0784w*,Emersonn,IPS,F,32,Catdog,IPS 2<br/>@MUN 5 F,16,8,61%,+36%,0784w,YES,2026-08-31_15-10-08,,,0,0,0,0,0,0,0,0,0,0,0,0,0,0,0,0,0,0,0,0,0,0,0,0,0,0,0,0,0,0,0,0,0,0,0,0,0,0,0,0,0,NO,0,0,0,0,16,2026-09-01_05-29-47
*06jh3*,Joshua King,FUL,M,36,Bravo,FUL 0<br/>@SUN 1 F,16,8,60%,+52%,06jh3,YES,2026-08-31_15-10-08,,,0,0,0,0,0,0,0,0,0,0,0,0,0,0,0,0,0,0,0,0,0,0,0,0,0,0,0,0,0,0,0,0,0,0,0,0,0,0,0,0,0,NO,0,0,0,0,16,2026-09-01_05-29-47
*06mgd*,Abdul Fatawu,IPS,"M,F",33,W <small>(Wed)</small>,IPS 2<br/>@MUN 5 F,16,8,49%,+11%,06mgd,YES,2026-08-31_15-10-08,,,0,0,0,0,0,0,0,0,0,0,0,0,0,0,0,0,0,0,0,0,0,0,0,0,0,0,0,0,0,0,0,0,0,0,0,0,0,0,0,0,0,NO,0,0,0,0,16,2026-09-01_05-29-47
*032f9*,Jordan Pickford,EVE,G,49,200cm,EVE 1<br/>@BOU 1 F,15,7.5,99%,+1%,032f9,YES,2026-08-31_15-10-08,,,0,0,0,0,0,0,0,0,0,0,0,0,0,0,0,0,0,0,0,0,0,0,0,0,0,0,0,0,0,0,0,0,0,0,0,0,0,0,0,0,0,NO,0,0,0,0,15,2026-09-01_05-29-47
*056iy*,Pedro Neto,CHE,"M,F",45,Squirtz,BHA 3<br/>@CHE 4 F,15,7.5,97%,+1%,056iy,YES,2026-08-31_15-10-08,,,0,0,0,0,0,0,0,0,0,0,0,0,0,0,0,0,0,0,0,0,0,0,0,0,0,0,0,0,0,0,0,0,0,0,0,0,0,0,0,0,0,NO,0,0,0,0,15,2026-09-01_05-29-47
*05uor*,Yoane Wissa,NEW,F,51,Catdog,NEW 2<br/>@TOT 0 F,15,7.5,93%,+7%,05uor,YES,2026-08-31_15-10-08,,,0,0,0,0,0,0,0,0,0,0,0,0,0,0,0,0,0,0,0,0,0,0,0,0,0,0,0,0,0,0,0,0,0,0,0,0,0,0,0,0,0,NO,0,0,0,0,15,2026-09-01_05-29-47
*06f8y*,Alex Scott,BOU,M,50,Hoop,EVE 1<br/>@BOU 1 F,15,7.5,91%,+1%,06f8y,YES,2026-08-31_15-10-08,,,0,0,0,0,0,0,0,0,0,0,0,0,0,0,0,0,0,0,0,0,0,0,0,0,0,0,0,0,0,0,0,0,0,0,0,0,0,0,0,0,0,NO,0,0,0,0,15,2026-09-01_05-29-47
*03gu4*,Harry Maguire,MUN,D,46,007,IPS 2<br/>@MUN 5 F,15,7.5,87%,+3%,03gu4,YES,2026-08-31_15-10-08,,,0,0,0,0,0,0,0,0,0,0,0,0,0,0,0,0,0,0,0,0,0,0,0,0,0,0,0,0,0,0,0,0,0,0,0,0,0,0,0,0,0,NO,0,0,0,0,15,2026-09-01_05-29-47
*076qg*,Victor Munoz,LIV,F,48,TA,NOT 2<br/>@LIV 2 F,15,7.5,78%,+16%,076qg,YES,2026-08-31_15-10-08,,,0,0,0,0,0,0,0,0,0,0,0,0,0,0,0,0,0,0,0,0,0,0,0,0,0,0,0,0,0,0,0,0,0,0,0,0,0,0,0,0,0,NO,0,0,0,0,15,2026-09-01_05-29-47
*0784y*,Tarik Muharemovic,LEE,D,47,JTB_21,BRF 1<br/>@LEE 1 F,15,7.5,62%,+5%,0784y,YES,2026-08-31_15-10-08,,,0,0,0,0,0,0,0,0,0,0,0,0,0,0,0,0,0,0,0,0,0,0,0,0,0,0,0,0,0,0,0,0,0,0,0,0,0,0,0,0,0,NO,0,0,0,0,15,2026-09-01_05-29-47
*05nil*,Leif Davis,IPS,D,42,W <small>(Wed)</small>,IPS 2<br/>@MUN 5 F,15,7.5,39%,0%,05nil,YES,2026-08-31_15-10-08,,,0,0,0,0,0,0,0,0,0,0,0,0,0,0,0,0,0,0,0,0,0,0,0,0,0,0,0,0,0,0,0,0,0,0,0,0,0,0,0,0,0,NO,0,0,0,0,15,2026-09-01_05-29-47
*078ud*,Amar Dedic,NEW,D,43,W <small>(Tue)</small>,NEW 2<br/>@TOT 0 F,15,7.5,17%,+5%,078ud,YES,2026-08-31_15-10-08,,,0,0,0,0,0,0,0,0,0,0,0,0,0,0,0,0,0,0,0,0,0,0,0,0,0,0,0,0,0,0,0,0,0,0,0,0,0,0,0,0,0,NO,0,0,0,0,15,2026-09-01_05-29-47
*05unu*,Romeo Lavia,CHE,M,44,W <small>(Tue)</small>,BHA 3<br/>@CHE 4 F,15,7.5,9%,+4%,05unu,YES,2026-08-31_15-10-08,,,0,0,0,0,0,0,0,0,0,0,0,0,0,0,0,0,0,0,0,0,0,0,0,0,0,0,0,0,0,0,0,0,0,0,0,0,0,0,0,0,0,NO,0,0,0,0,15,2026-09-01_05-29-47
*04y92*,Bukayo Saka,ARS,"M,F",57,MPalm,@AVL Tue 5:00AM,14,14,100%,0%,04y92,YES,2026-08-31_15-10-08,,,0,0,0,0,0,0,0,0,0,0,0,0,0,0,0,0,0,0,0,0,0,0,0,0,0,0,0,0,0,0,0,0,0,0,0,0,0,0,0,0,0,NO,0,0,0,0,14,2026-08-30_05-01-48
*0646f*,Alexander Isak,LIV,F,54,Catdog,NOT 2<br/>@LIV 2 F,14,7,100%,0%,0646f,YES,2026-08-31_15-10-08,,,0,0,0,0,0,0,0,0,0,0,0,0,0,0,0,0,0,0,0,0,0,0,0,0,0,0,0,0,0,0,0,0,0,0,0,0,0,0,0,0,0,NO,0,0,0,0,14,2026-08-30_05-01-48
*06pia*,Maxence Lacroix,CHE,D,55,MPalm,BHA 3<br/>@CHE 4 F,14,7,100%,+1%,06pia,YES,2026-08-31_15-10-08,,,0,0,0,0,0,0,0,0,0,0,0,0,0,0,0,0,0,0,0,0,0,0,0,0,0,0,0,0,0,0,0,0,0,0,0,0,0,0,0,0,0,NO,0,0,0,0,14,2026-09-01_05-29-47
*06p6j*,Evanilson,BOU,F,62,tsnwllms,EVE 1<br/>@BOU 1 F,14,7,94%,+2%,06p6j,YES,2026-08-31_15-10-08,,,0,0,0,0,0,0,0,0,0,0,0,0,0,0,0,0,0,0,0,0,0,0,0,0,0,0,0,0,0,0,0,0,0,0,0,0,0,0,0,0,0,NO,0,0,0,0,14,2026-08-30_05-01-48
*06v0y*,Luka Vuskovic,BHA,D,59,Catdog,BHA 3<br/>@CHE 4 F,14,7,94%,+1%,06v0y,YES,2026-08-31_15-10-08,,,0,0,0,0,0,0,0,0,0,0,0,0,0,0,0,0,0,0,0,0,0,0,0,0,0,0,0,0,0,0,0,0,0,0,0,0,0,0,0,0,0,NO,0,0,0,0,14,2026-09-01_05-29-47
*07898*,Gonzalo Garcia,FUL,F,52,Team HG,FUL 0<br/>@SUN 1 F,14,7,91%,+4%,07898,YES,2026-08-31_15-10-08,,,0,0,0,0,0,0,0,0,0,0,0,0,0,0,0,0,0,0,0,0,0,0,0,0,0,0,0,0,0,0,0,0,0,0,0,0,0,0,0,0,0,NO,0,0,0,0,14,2026-09-01_05-29-47
*04e1e*,Ben White,ARS,D,60,Bravo,@AVL Tue 5:00AM,14,14,86%,+10%,04e1e,YES,2026-08-31_15-10-08,,,0,0,0,0,0,0,0,0,0,0,0,0,0,0,0,0,0,0,0,0,0,0,0,0,0,0,0,0,0,0,0,0,0,0,0,0,0,0,0,0,0,NO,0,0,0,0,14,2026-08-30_05-01-48
*05oz3*,James Trafford,LEE,G,58,Hoop,BRF 1<br/>@LEE 1 F,14,7,84%,+6%,05oz3,YES,2026-08-31_15-10-08,,,0,0,0,0,0,0,0,0,0,0,0,0,0,0,0,0,0,0,0,0,0,0,0,0,0,0,0,0,0,0,0,0,0,0,0,0,0,0,0,0,0,NO,0,0,0,0,14,2026-09-01_05-29-47
*05ybq*,Vitalii Mykolenko,EVE,D,56,W <small>(Mon)</small>,EVE 1<br/>@BOU 1 F,14,7,29%,+6%,05ybq,YES,2026-08-31_15-10-08,,,0,0,0,0,0,0,0,0,0,0,0,0,0,0,0,0,0,0,0,0,0,0,0,0,0,0,0,0,0,0,0,0,0,0,0,0,0,0,0,0,0,NO,0,0,0,0,14,2026-08-30_05-01-48
*04sjv*,Ryan Giles,HUL,D,53,W <small>(Mon)</small>,HUL 1<br/>@COV 0 F,14,7,21%,+15%,04sjv,YES,2026-08-31_15-10-08,,,0,0,0,0,0,0,0,0,0,0,0,0,0,0,0,0,0,0,0,0,0,0,0,0,0,0,0,0,0,0,0,0,0,0,0,0,0,0,0,0,0,NO,0,0,0,0,14,2026-08-30_05-01-48
*06msb*,Malick Yalcouye,BHA,M,61,W <small>(Tue)</small>,BHA 3<br/>@CHE 4 F,14,7,3%,+2%,06msb,YES,2026-08-31_15-10-08,,,0,0,0,0,0,0,0,0,0,0,0,0,0,0,0,0,0,0,0,0,0,0,0,0,0,0,0,0,0,0,0,0,0,0,0,0,0,0,0,0,0,NO,0,0,0,0,14,2026-09-01_05-29-47
*05a6e*,Neco Williams,NOT,"D,M",69,TA,NOT 2<br/>@LIV 2 F,13,6.5,100%,0%,05a6e,YES,2026-08-31_15-10-08,,,0,0,0,0,0,0,0,0,0,0,0,0,0,0,0,0,0,0,0,0,0,0,0,0,0,0,0,0,0,0,0,0,0,0,0,0,0,0,0,0,0,NO,0,0,0,0,13,2026-08-30_05-01-48
*045ob*,Caoimhin Kelleher,BRF,G,66,JTB_21,BRF 1<br/>@LEE 1 F,13,6.5,96%,+5%,045ob,YES,2026-08-31_15-10-08,,,0,0,0,0,0,0,0,0,0,0,0,0,0,0,0,0,0,0,0,0,0,0,0,0,0,0,0,0,0,0,0,0,0,0,0,0,0,0,0,0,0,NO,0,0,0,0,13,2026-09-01_05-29-47
*076dq*,Mohamed Belloumi,HUL,"M,F",64,SDB,HUL 1<br/>@COV 0 F,13,6.5,45%,+3%,076dq,YES,2026-08-31_15-10-08,,,0,0,0,0,0,0,0,0,0,0,0,0,0,0,0,0,0,0,0,0,0,0,0,0,0,0,0,0,0,0,0,0,0,0,0,0,0,0,0,0,0,NO,0,0,0,0,13,2026-08-30_05-01-48
*05uel*,Kristoffer Ajer,BRF,D,63,TA,BRF 1<br/>@LEE 1 F,13,6.5,34%,+30%,05uel,YES,2026-08-31_15-10-08,,,0,0,0,0,0,0,0,0,0,0,0,0,0,0,0,0,0,0,0,0,0,0,0,0,0,0,0,0,0,0,0,0,0,0,0,0,0,0,0,0,0,NO,0,0,0,0,13,2026-09-01_05-29-47
*06zna*,Dan Ndoye,NOT,"M,F",67,W <small>(Mon)</small>,NOT 2<br/>@LIV 2 F,13,6.5,31%,0%,06zna,YES,2026-08-31_15-10-08,,,0,0,0,0,0,0,0,0,0,0,0,0,0,0,0,0,0,0,0,0,0,0,0,0,0,0,0,0,0,0,0,0,0,0,0,0,0,0,0,0,0,NO,0,0,0,0,13,2026-08-30_05-01-48
*0788g*,Lukas Hornicek,NEW,G,65,TA,NEW 2<br/>@TOT 0 F,13,6.5,24%,+6%,0788g,YES,2026-08-31_15-10-08,,,0,0,0,0,0,0,0,0,0,0,0,0,0,0,0,0,0,0,0,0,0,0,0,0,0,0,0,0,0,0,0,0,0,0,0,0,0,0,0,0,0,NO,0,0,0,0,13,2026-09-01_05-29-47
*06y59*,Noah Sadiki,SUN,M,68,W <small>(Tue)</small>,FUL 0<br/>@SUN 1 F,13,6.5,16%,+10%,06y59,YES,2026-08-31_15-10-08,,,0,0,0,0,0,0,0,0,0,0,0,0,0,0,0,0,0,0,0,0,0,0,0,0,0,0,0,0,0,0,0,0,0,0,0,0,0,0,0,0,0,NO,0,0,0,0,13,2026-09-01_05-29-47
*05r94*,Iliman Ndiaye,EVE,"M,F",76,MPalm,EVE 1<br/>@BOU 1 F,12,6,100%,0%,05r94,YES,2026-08-31_15-10-08,,,0,0,0,0,0,0,0,0,0,0,0,0,0,0,0,0,0,0,0,0,0,0,0,0,0,0,0,0,0,0,0,0,0,0,0,0,0,0,0,0,0,NO,0,0,0,0,12,2026-08-30_05-01-48
*062a9*,Sven Botman,NEW,D,70,Team HG,NEW 2<br/>@TOT 0 F,12,6,78%,0%,062a9,YES,2026-08-31_15-10-08,7-Day,Mon Aug 24 - Sun Aug 30,7,7,1,90,0,0,0,0,0,0,0,0,0,0,0,0,0,0,1,0,0,0,0,49,0,1,0,0,0,0,3,0,0,0,0,0,0,0,1,0,1,YES,0,0,0,0,12,2026-09-01_05-29-47
*05omu*,Ruben Dias,MCI,D,73,Catdog,MCI 4<br/>@CRY 1 F,12,6,66%,+6%,05omu,YES,2026-08-31_15-10-08,,,0,0,0,0,0,0,0,0,0,0,0,0,0,0,0,0,0,0,0,0,0,0,0,0,0,0,0,0,0,0,0,0,0,0,0,0,0,0,0,0,0,NO,0,0,0,0,12,2026-08-30_05-01-48
*05u1m*,Nathan Collins,BRF,D,71,007,BRF 1<br/>@LEE 1 F,12,6,65%,+7%,05u1m,YES,2026-08-31_15-10-08,7-Day,Mon Aug 24 - Sun Aug 30,4,4,1,90,0,0,0,0,0,0,0,0,1,2,0,2,2,0,1,0,0,0,0,44,0,0,2,0,0,0,4,0,0,0,0,0,0,0,0,0,0,YES,0,0,0,0,12,2026-09-01_05-29-47
*06r9w*,Abdukodir Khusanov,MCI,D,75,Catdog,MCI 4<br/>@CRY 1 F,12,6,46%,+7%,06r9w,YES,2026-08-31_15-10-08,,,0,0,0,0,0,0,0,0,0,0,0,0,0,0,0,0,0,0,0,0,0,0,0,0,0,0,0,0,0,0,0,0,0,0,0,0,0,0,0,0,0,NO,0,0,0,0,12,2026-08-30_05-01-48
*06zqq*,Jorrel Hato,CHE,"D,M",74,SDB,BHA 3<br/>@CHE 4 F,12,6,18%,+3%,06zqq,YES,2026-08-31_15-10-08,7-Day,Mon Aug 24 - Sun Aug 30,12,6,2,154,0,1,0,3,0,0,0,0,0,1,1,0,2,0,0,0,0,0,0,28,0,0,1,0,1,0,1,2,0,0,0,0,0,0,0,0,2,YES,0,0,0,0,12,2026-09-01_05-29-47
*04e1c*,Lewis Dunk,BHA,D,72,W <small>(Tue)</small>,BHA 3<br/>@CHE 4 F,12,6,14%,+4%,04e1c,YES,2026-08-31_15-10-08,7-Day,Mon Aug 24 - Sun Aug 30,4,4,1,90,0,0,0,0,0,0,0,0,0,1,0,1,2,0,1,0,0,0,0,91,0,0,0,0,0,1,0,0,0,0,0,0,0,0,0,0,0,YES,0,0,0,0,12,2026-09-01_05-29-47
*05o6h*,Kai Havertz,ARS,F,86,200cm,@AVL Tue 5:00AM,11,11,100%,0%,05o6h,YES,2026-08-31_15-10-08,,,0,0,0,0,0,0,0,0,0,0,0,0,0,0,0,0,0,0,0,0,0,0,0,0,0,0,0,0,0,0,0,0,0,0,0,0,0,0,0,0,0,NO,0,0,0,0,11,2026-08-30_05-01-48
*05opj*,Elliot Anderson,MCI,M,77,Bravo,MCI 4<br/>@CRY 1 F,11,5.5,100%,0%,05opj,YES,2026-08-31_15-10-08,,,0,0,0,0,0,0,0,0,0,0,0,0,0,0,0,0,0,0,0,0,0,0,0,0,0,0,0,0,0,0,0,0,0,0,0,0,0,0,0,0,0,NO,0,0,0,0,11,2026-08-30_05-01-48
*049tq*,Dominic Calvert-Lewin,LEE,F,82,SZB,BRF 1<br/>@LEE 1 F,11,5.5,100%,0%,049tq,YES,2026-08-31_15-10-08,,,0,0,0,0,0,0,0,0,0,0,0,0,0,0,0,0,0,0,0,0,0,0,0,0,0,0,0,0,0,0,0,0,0,0,0,0,0,0,0,0,0,NO,0,0,0,0,11,2026-09-01_05-29-47
*04yo7*,Youri Tielemans,MUN,M,89,Bravo,IPS 2<br/>@MUN 5 F,11,5.5,99%,0%,04yo7,YES,2026-08-31_15-10-08,7-Day,Mon Aug 24 - Sun Aug 30,8,8,1,90,0,0,0,4,0,0,0,0,2,1,0,0,3,0,0,0,0,0,0,66,0,1,2,0,1,0,1,0,1,0,0,0,0,0,0,0,1,YES,0,0,0,0,11,2026-09-01_05-29-47
*0477b*,Oliver McBurnie,HUL,F,88,Team HG,HUL 1<br/>@COV 0 F,11,5.5,93%,+9%,0477b,YES,2026-08-31_15-10-08,,,0,0,0,0,0,0,0,0,0,0,0,0,0,0,0,0,0,0,0,0,0,0,0,0,0,0,0,0,0,0,0,0,0,0,0,0,0,0,0,0,0,NO,0,0,0,0,11,2026-08-30_05-01-48
*06r5b*,Diego Gomez,BHA,"M,F",85,Bravo,BHA 3<br/>@CHE 4 F,11,5.5,90%,+8%,06r5b,YES,2026-08-31_15-10-08,7-Day,Mon Aug 24 - Sun Aug 30,2,2,1,90,0,0,0,1,0,0,0,0,1,2,4,2,0,0,0,0,0,0,0,24,1,2,1,0,1,0,4,1,2,0,0,0,0,0,0,0,0,YES,0,0,0,0,11,2026-09-01_05-29-47
*072zs*,Nilson Angulo,SUN,"M,F",78,JTB_21,FUL 0<br/>@SUN 1 F,11,5.5,79%,+5%,072zs,YES,2026-08-31_15-10-08,7-Day,Mon Aug 24 - Sun Aug 30,4,4,1,64,0,0,0,1,0,0,0,0,0,0,0,2,3,0,0,0,0,0,0,17,1,0,0,0,3,0,0,0,0,0,0,0,0,0,0,1,1,YES,0,0,0,0,11,2026-09-01_05-29-47
*05l27*,Jarrad Branthwaite,EVE,D,81,MPalm,EVE 1<br/>@BOU 1 F,11,5.5,76%,+6%,05l27,YES,2026-08-31_15-10-08,,,0,0,0,0,0,0,0,0,0,0,0,0,0,0,0,0,0,0,0,0,0,0,0,0,0,0,0,0,0,0,0,0,0,0,0,0,0,0,0,0,0,NO,0,0,0,0,11,2026-08-30_05-01-48
*06ybp*,Thierno Barry,EVE,F,79,MPalm,EVE 1<br/>@BOU 1 F,11,5.5,72%,+36%,06ybp,YES,2026-08-31_15-10-08,,,0,0,0,0,0,0,0,0,0,0,0,0,0,0,0,0,0,0,0,0,0,0,0,0,0,0,0,0,0,0,0,0,0,0,0,0,0,0,0,0,0,NO,0,0,0,0,11,2026-08-30_05-01-48
*05o4c*,Timothy Castagne,FUL,"D,M",83,Squirtz,FUL 0<br/>@SUN 1 F,11,5.5,43%,+38%,05o4c,YES,2026-08-31_15-10-08,7-Day,Mon Aug 24 - Sun Aug 30,11,5.5,2,157,0,1,0,2,0,0,1,0,1,2,0,5,4,0,1,0,0,0,1,48,1,0,2,0,1,1,3,0,0,0,0,0,0,0,0,0,0,YES,0,0,0,0,11,2026-09-01_05-29-47
*04ge6*,Joe Willock,NEW,M,90,Jrodlem6,NEW 2<br/>@TOT 0 F,11,5.5,21%,+21%,04ge6,YES,2026-08-31_15-10-08,7-Day,Mon Aug 24 - Sun Aug 30,2,2,1,70,0,0,0,0,0,0,0,0,0,0,2,3,0,0,0,0,0,0,0,21,0,1,0,0,0,0,0,0,0,0,0,0,0,0,0,1,1,YES,0,0,0,0,11,2026-09-01_05-29-47
*06y26*,Olivier Boscagli,BHA,D,80,W <small>(Tue)</small>,BHA 3<br/>@CHE 4 F,11,5.5,13%,+5%,06y26,YES,2026-08-31_15-10-08,7-Day,Mon Aug 24 - Sun Aug 30,3,3,1,90,0,0,0,1,0,0,0,0,1,0,0,4,2,0,1,0,0,0,0,67,2,0,1,0,0,1,1,1,0,0,0,0,0,0,0,0,0,YES,0,0,0,0,11,2026-09-01_05-29-47
*06yb9*,Reinildo,SUN,D,87,W <small>(Tue)</small>,FUL 0<br/>@SUN 1 F,11,5.5,10%,+5%,06yb9,YES,2026-08-31_15-10-08,7-Day,Mon Aug 24 - Sun Aug 30,7,7,1,90,0,0,0,0,0,0,0,0,0,1,1,3,1,0,0,0,0,0,0,32,0,0,1,0,1,1,3,0,0,0,0,0,0,0,1,0,1,YES,0,0,0,0,11,2026-09-01_05-29-47
*04qos*,Issa Diop,IPS,D,84,W <small>(Wed)</small>,IPS 2<br/>@MUN 5 F,11,5.5,3%,0%,04qos,YES,2026-08-31_15-10-08,7-Day,Mon Aug 24 - Sun Aug 30,10,10,1,90,0,0,0,0,0,0,0,0,0,0,0,1,0,0,0,0,0,0,0,42,0,0,2,1,2,5,1,0,0,0,0,0,0,0,0,0,0,YES,0,0,0,0,11,2026-09-01_05-29-47
*06nu7*,Riccardo Calafiori,ARS,D,94,Hoop,@AVL Tue 5:00AM,10,10,100%,0%,06nu7,YES,2026-08-31_15-10-08,,,0,0,0,0,0,0,0,0,0,0,0,0,0,0,0,0,0,0,0,0,0,0,0,0,0,0,0,0,0,0,0,0,0,0,0,0,0,0,0,0,0,NO,0,0,0,0,10,2026-08-28_21-36-23
*068lx*,Dango Ouattara,BRF,"M,F",100,Catdog,BRF 1<br/>@LEE 1 F,10,5,99%,0%,068lx,YES,2026-08-31_15-10-08,7-Day,Mon Aug 24 - Sun Aug 30,4,4,1,29,0,0,0,1,0,0,0,0,0,1,0,0,0,0,0,0,0,0,0,5,1,0,0,0,4,0,3,1,0,0,0,0,0,0,0,0,0,YES,0,0,0,0,10,2026-09-01_05-29-47
*06znb*,Robin Roefs,SUN,G,101,SDB,FUL 0<br/>@SUN 1 F,10,5,94%,+1%,06znb,YES,2026-08-31_15-10-08,7-Day,Mon Aug 24 - Sun Aug 30,7,7,1,0,0,0,0,0,0,0,0,0,0,0,0,0,0,0,0,0,0,0,0,25,0,0,0,0,0,0,0,0,0,0,0,0,0,0,0,0,1,YES,0,1,0,0,10,2026-09-01_05-29-47
*05nns*,Danny Ballard,SUN,D,92,W <small>(Tue)</small>,FUL 0<br/>@SUN 1 F,10,5,93%,0%,05nns,YES,2026-08-31_15-10-08,7-Day,Mon Aug 24 - Sun Aug 30,9,9,1,90,0,0,0,0,0,0,0,0,0,0,0,1,1,0,0,0,0,0,0,41,0,0,1,0,0,1,5,0,0,0,0,0,0,0,1,0,1,YES,0,0,0,0,10,2026-09-01_05-29-47
*061vb*,James Hill,BOU,D,96,200cm,EVE 1<br/>@BOU 1 F,10,5,89%,+1%,061vb,YES,2026-08-31_15-10-08,7-Day,Mon Aug 24 - Sun Aug 30,9,9,1,90,0,0,0,2,0,0,0,0,0,2,0,1,1,0,0,0,0,0,0,48,0,0,2,0,0,0,7,2,0,0,0,0,0,0,0,0,0,YES,0,0,0,0,10,2026-09-01_05-29-47
*06jgs*,Adam Wharton,CRY,M,104,FA,MCI 4<br/>@CRY 1 F,10,5,78%,+1%,06jgs,YES,2026-08-31_15-10-08,7-Day,Mon Aug 24 - Sun Aug 30,5,5,1,90,0,0,0,2,0,0,0,0,0,3,1,0,2,0,0,0,0,0,0,20,1,0,0,0,0,0,1,1,0,0,0,0,0,0,0,0,0,YES,0,0,0,0,10,2026-09-01_05-29-47
*06v0g*,Trai Hume,SUN,"D,M",97,W <small>(Tue)</small>,FUL 0<br/>@SUN 1 F,10,5,66%,+4%,06v0g,YES,2026-08-31_15-10-08,7-Day,Mon Aug 24 - Sun Aug 30,6,6,1,90,0,0,0,1,0,0,0,0,0,2,1,1,0,0,0,0,0,0,0,17,1,0,0,0,0,1,4,0,0,0,0,0,0,0,0,1,1,YES,0,0,0,0,10,2026-09-01_05-29-47
*02oq6*,Luke Shaw,MUN,D,102,Hoop,IPS 2<br/>@MUN 5 F,10,5,66%,+9%,02oq6,YES,2026-08-31_15-10-08,7-Day,Mon Aug 24 - Sun Aug 30,5,5,1,72,0,0,0,0,0,0,0,0,0,2,0,0,1,0,0,0,0,0,0,42,0,0,2,0,0,0,2,0,0,0,0,0,0,0,0,0,1,YES,0,0,0,0,10,2026-09-01_05-29-47
*0521z*,James Justin,LEE,"D,M",99,TA,BRF 1<br/>@LEE 1 F,10,5,44%,+16%,0521z,YES,2026-08-31_15-10-08,7-Day,Mon Aug 24 - Sun Aug 30,3,3,1,90,0,0,0,1,0,0,0,0,1,2,2,0,0,0,0,0,0,0,0,20,0,1,1,0,0,1,2,0,0,0,0,0,0,0,0,0,0,YES,0,0,0,0,10,2026-09-01_05-29-47
*06v51*,Jaka Bijol,LEE,D,93,W <small>(Tue)</small>,BRF 1<br/>@LEE 1 F,10,5,43%,+22%,06v51,YES,2026-08-31_15-10-08,,,0,0,0,0,0,0,0,0,0,0,0,0,0,0,0,0,0,0,0,0,0,0,0,0,0,0,0,0,0,0,0,0,0,0,0,0,0,0,0,0,0,NO,0,0,0,0,10,2026-08-28_21-36-23
*06onv*,Harrison Armstrong,EVE,M,91,W <small>(Mon)</small>,EVE 1<br/>@BOU 1 F,10,5,14%,+11%,06onv,YES,2026-08-31_15-10-08,7-Day,Mon Aug 24 - Sun Aug 30,2,2,1,85,0,0,0,1,0,0,0,0,0,1,2,2,0,0,0,0,0,0,0,19,0,0,2,0,0,0,1,1,0,0,0,0,0,0,0,0,0,YES,0,0,0,0,10,2026-09-01_05-29-47
*070hb*,Jaydee Canvot,CRY,D,95,FA,MCI 4<br/>@CRY 1 F,10,5,11%,+1%,070hb,YES,2026-08-31_15-10-08,,,0,0,0,0,0,0,0,0,0,0,0,0,0,0,0,0,0,0,0,0,0,0,0,0,0,0,0,0,0,0,0,0,0,0,0,0,0,0,0,0,0,NO,0,0,0,0,10,2026-08-31_05-18-29
*05o2p*,Regan Slater,HUL,M,103,W <small>(Mon)</small>,HUL 1<br/>@COV 0 F,10,5,7%,+4%,05o2p,YES,2026-08-31_15-10-08,,,0,0,0,0,0,0,0,0,0,0,0,0,0,0,0,0,0,0,0,0,0,0,0,0,0,0,0,0,0,0,0,0,0,0,0,0,0,0,0,0,0,NO,0,0,0,0,10,2026-08-31_05-18-29
*06v0t*,Wilson Isidor,SUN,F,98,W <small>(Tue)</small>,FUL 0<br/>@SUN 1 F,10,5,2%,0%,06v0t,YES,2026-08-31_15-10-08,7-Day,Mon Aug 24 - Sun Aug 30,10,10,1,26,1,0,0,0,0,0,0,0,1,0,0,0,2,0,0,0,0,0,0,1,0,0,0,0,0,0,0,0,1,0,0,0,0,0,0,0,0,YES,0,0,0,0,10,2026-09-01_05-29-47
*05oh0*,Jan-Paul van Hecke,TOT,D,117,TA,NEW 2<br/>@TOT 0 F,9,4.5,99%,0%,05oh0,YES,2026-08-31_15-10-08,,,0,0,0,0,0,0,0,0,0,0,0,0,0,0,0,0,0,0,0,0,0,0,0,0,0,0,0,0,0,0,0,0,0,0,0,0,0,0,0,0,0,NO,0,0,0,0,9,2026-08-31_05-18-29
*038ze*,Alex Iwobi,FUL,"M,F",108,tsnwllms,FUL 0<br/>@SUN 1 F,9,4.5,96%,0%,038ze,YES,2026-08-31_15-10-08,7-Day,Mon Aug 24 - Sun Aug 30,9,4.5,2,180,0,0,0,2,0,0,0,0,0,2,1,1,1,0,0,0,0,0,0,139,3,0,3,0,0,0,0,1,0,0,0,0,0,0,0,0,0,YES,0,0,0,0,9,2026-09-01_05-29-47
*0703c*,Nordi Mukiele,SUN,D,113,MPalm,FUL 0<br/>@SUN 1 F,9,9,93%,+1%,0703c,YES,2026-08-31_15-10-08,7-Day,Mon Aug 24 - Sun Aug 30,9,9,1,90,0,0,0,0,0,0,0,0,0,0,0,0,0,0,0,0,0,0,0,37,1,0,1,0,1,2,2,0,0,0,0,0,0,0,1,0,1,YES,0,0,0,0,9,2026-09-01_05-29-47
*0635j*,Chris Richards,CRY,D,114,Jrodlem6,MCI 4<br/>@CRY 1 F,9,4.5,85%,+1%,0635j,YES,2026-08-31_15-10-08,,,0,0,0,0,0,0,0,0,0,0,0,0,0,0,0,0,0,0,0,0,0,0,0,0,0,0,0,0,0,0,0,0,0,0,0,0,0,0,0,0,0,NO,0,0,0,0,9,2026-08-30_05-01-48
*0784z*,Jeremy Jacquet,LIV,D,109,Hoop,NOT 2<br/>@LIV 2 F,9,4.5,70%,+2%,0784z,YES,2026-08-31_15-10-08,,,0,0,0,0,0,0,0,0,0,0,0,0,0,0,0,0,0,0,0,0,0,0,0,0,0,0,0,0,0,0,0,0,0,0,0,0,0,0,0,0,0,NO,0,0,0,0,9,2026-08-31_05-18-29
*03gu5*,Andrew Robertson,TOT,D,115,Team HG,NEW 2<br/>@TOT 0 F,9,4.5,68%,+5%,03gu5,YES,2026-08-31_15-10-08,,,0,0,0,0,0,0,0,0,0,0,0,0,0,0,0,0,0,0,0,0,0,0,0,0,0,0,0,0,0,0,0,0,0,0,0,0,0,0,0,0,0,NO,0,0,0,0,9,2026-08-31_05-18-29
*04lav*,Ethan Ampadu,LEE,"D,M",106,Jrodlem6,BRF 1<br/>@LEE 1 F,9,4.5,65%,+7%,04lav,YES,2026-08-31_15-10-08,7-Day,Mon Aug 24 - Sun Aug 30,3,3,1,90,0,0,0,1,0,0,0,0,0,0,0,1,0,0,0,0,0,0,0,30,1,0,2,0,0,1,1,0,0,0,0,0,0,0,0,0,0,YES,0,0,0,0,9,2026-09-01_05-29-47
*06mnc*,Daichi Kamada,CRY,"M,F",110,FA,MCI 4<br/>@CRY 1 F,9,4.5,10%,+4%,06mnc,YES,2026-08-31_15-10-08,,,0,0,0,0,0,0,0,0,0,0,0,0,0,0,0,0,0,0,0,0,0,0,0,0,0,0,0,0,0,0,0,0,0,0,0,0,0,0,0,0,0,NO,0,0,0,0,9,2026-08-31_05-18-29
*070hi*,Merlin Rohl,EVE,"D,M",116,W <small>(Mon)</small>,EVE 1<br/>@BOU 1 F,9,4.5,10%,+3%,070hi,YES,2026-08-31_15-10-08,,,0,0,0,0,0,0,0,0,0,0,0,0,0,0,0,0,0,0,0,0,0,0,0,0,0,0,0,0,0,0,0,0,0,0,0,0,0,0,0,0,0,NO,0,0,0,0,9,2026-08-31_05-18-29
*05244*,Jack Clarke,IPS,"M,F",107,JTB_21,IPS 2<br/>@MUN 5 F,9,9,8%,+3%,05244,YES,2026-08-31_15-10-08,,,0,0,0,0,0,0,0,0,0,0,0,0,0,0,0,0,0,0,0,0,0,0,0,0,0,0,0,0,0,0,0,0,0,0,0,0,0,0,0,0,0,NO,0,0,0,0,9,2026-08-28_21-36-23
*0785j*,Thomas Meunier,SUN,D,111,tsnwllms,FUL 0<br/>@SUN 1 F,9,4.5,6%,+2%,0785j,YES,2026-08-31_15-10-08,7-Day,Mon Aug 24 - Sun Aug 30,6,6,1,90,0,0,0,1,0,0,0,0,1,0,0,0,0,0,0,0,0,0,0,33,1,0,1,0,0,0,0,0,0,0,0,0,0,0,1,0,1,YES,0,0,0,0,9,2026-09-01_05-29-47
*052h1*,Liam Millar,HUL,"M,F",112,W <small>(Mon)</small>,HUL 1<br/>@COV 0 F,9,4.5,3%,0%,052h1,YES,2026-08-31_15-10-08,,,0,0,0,0,0,0,0,0,0,0,0,0,0,0,0,0,0,0,0,0,0,0,0,0,0,0,0,0,0,0,0,0,0,0,0,0,0,0,0,0,0,NO,0,0,0,0,9,2026-08-31_05-18-29
*0326x*,Chuba Akpom,IPS,F,105,W <small>(Wed)</small>,IPS 2<br/>@MUN 5 F,9,4.5,1%,0%,0326x,YES,2026-08-31_15-10-08,7-Day,Mon Aug 24 - Sun Aug 30,9,9,1,45,1,0,0,0,0,0,0,0,1,0,0,0,1,0,0,0,0,0,0,4,0,0,0,0,0,0,0,0,0,0,0,0,0,0,0,0,0,YES,0,0,0,0,9,2026-09-01_05-29-47
*06v0p*,Enzo Le Fee,SUN,"M,F",124,tsnwllms,FUL 0<br/>@SUN 1 F,8,4,100%,0%,06v0p,YES,2026-08-31_15-10-08,7-Day,Mon Aug 24 - Sun Aug 30,6,6,1,88,0,0,0,1,0,0,0,0,1,1,0,1,2,0,0,0,0,0,0,20,1,0,1,0,2,0,0,1,1,0,0,0,0,0,0,1,1,YES,0,0,0,0,8,2026-09-01_05-29-47
*03rzp*,Antonee Robinson,FUL,D,134,SZB,FUL 0<br/>@SUN 1 F,8,4,97%,0%,03rzp,YES,2026-08-31_15-10-08,7-Day,Mon Aug 24 - Sun Aug 30,8,4,2,171,0,0,0,1,0,0,0,0,0,5,1,0,1,0,0,0,0,0,0,76,2,1,1,0,2,1,0,0,1,0,0,0,0,0,0,0,0,YES,0,0,0,0,8,2026-09-01_05-29-47
*063e7*,Marcos Senesi,TOT,D,135,200cm,NEW 2<br/>@TOT 0 F,8,8,96%,+1%,063e7,YES,2026-08-31_15-10-08,,,0,0,0,0,0,0,0,0,0,0,0,0,0,0,0,0,0,0,0,0,0,0,0,0,0,0,0,0,0,0,0,0,0,0,0,0,0,0,0,0,0,NO,0,0,0,0,8,2026-08-28_21-36-23
*03ybi*,Marcus Rashford,MUN,F,133,SZB,IPS 2<br/>@MUN 5 F,8,4,90%,+7%,03ybi,YES,2026-08-31_15-10-08,7-Day,Mon Aug 24 - Sun Aug 30,6,6,1,79,0,0,0,3,0,0,0,0,2,1,0,0,2,0,0,0,0,0,0,24,0,1,0,0,2,0,0,0,1,0,0,0,0,0,0,0,1,YES,0,0,0,0,8,2026-09-01_05-29-47
*06fuw*,Djordje Petrovic,BOU,G,131,Team HG,EVE 1<br/>@BOU 1 F,8,4,71%,+6%,06fuw,YES,2026-08-31_15-10-08,,,0,0,0,0,0,0,0,0,0,0,0,0,0,0,0,0,0,0,0,0,0,0,0,0,0,0,0,0,0,0,0,0,0,0,0,0,0,0,0,0,0,NO,0,0,0,0,8,2026-08-31_05-18-29
*070f9*,Yeremy Pino,CRY,"M,F",132,FA,MCI 4<br/>@CRY 1 F,8,4,68%,+1%,070f9,YES,2026-08-31_15-10-08,,,0,0,0,0,0,0,0,0,0,0,0,0,0,0,0,0,0,0,0,0,0,0,0,0,0,0,0,0,0,0,0,0,0,0,0,0,0,0,0,0,0,NO,0,0,0,0,8,2026-08-31_05-18-29
*0666p*,Kobbie Mainoo,MUN,M,126,W <small>(Wed)</small>,IPS 2<br/>@MUN 5 F,8,4,48%,+4%,0666p,YES,2026-08-31_15-10-08,,,0,0,0,0,0,0,0,0,0,0,0,0,0,0,0,0,0,0,0,0,0,0,0,0,0,0,0,0,0,0,0,0,0,0,0,0,0,0,0,0,0,NO,0,0,0,0,8,2026-09-01_05-29-47
*05tr9*,Mathias Jensen,BRF,M,122,JTB_21,BRF 1<br/>@LEE 1 F,8,8,48%,+17%,05tr9,YES,2026-08-31_15-10-08,,,0,0,0,0,0,0,0,0,0,0,0,0,0,0,0,0,0,0,0,0,0,0,0,0,0,0,0,0,0,0,0,0,0,0,0,0,0,0,0,0,0,NO,0,0,0,0,8,2026-08-28_21-36-23
*0787y*,Antonio Silva,BOU,D,130,Bravo,EVE 1<br/>@BOU 1 F,8,4,27%,+1%,0787y,YES,2026-08-31_15-10-08,,,0,0,0,0,0,0,0,0,0,0,0,0,0,0,0,0,0,0,0,0,0,0,0,0,0,0,0,0,0,0,0,0,0,0,0,0,0,0,0,0,0,NO,0,0,0,0,8,2026-08-31_05-18-29
*078qg*,Anan Khalaili,CRY,"D,F",123,FA,MCI 4<br/>@CRY 1 F,8,4,22%,+19%,078qg,YES,2026-08-31_15-10-08,,,0,0,0,0,0,0,0,0,0,0,0,0,0,0,0,0,0,0,0,0,0,0,0,0,0,0,0,0,0,0,0,0,0,0,0,0,0,0,0,0,0,NO,0,0,0,0,8,2026-08-31_05-18-29
*05uhs*,James Mcatee,NOT,M,127,W <small>(Mon)</small>,NOT 2<br/>@LIV 2 F,8,4,22%,+16%,05uhs,YES,2026-08-31_15-10-08,,,0,0,0,0,0,0,0,0,0,0,0,0,0,0,0,0,0,0,0,0,0,0,0,0,0,0,0,0,0,0,0,0,0,0,0,0,0,0,0,0,0,NO,0,0,0,0,8,2026-08-31_05-18-29
*04gpx*,Dara O'Shea,IPS,D,129,Hoop,IPS 2<br/>@MUN 5 F,8,4,18%,+9%,04gpx,YES,2026-08-31_15-10-08,,,0,0,0,0,0,0,0,0,0,0,0,0,0,0,0,0,0,0,0,0,0,0,0,0,0,0,0,0,0,0,0,0,0,0,0,0,0,0,0,0,0,NO,0,0,0,0,8,2026-08-28_21-36-23
*03mfe*,Matt Grimes,COV,M,121,007,HUL 1<br/>@COV 0 F,8,4,16%,+1%,03mfe,YES,2026-08-31_15-10-08,,,0,0,0,0,0,0,0,0,0,0,0,0,0,0,0,0,0,0,0,0,0,0,0,0,0,0,0,0,0,0,0,0,0,0,0,0,0,0,0,0,0,NO,0,0,0,0,8,2026-08-31_05-18-29
*05o8o*,Jayden Bogle,LEE,"D,M",119,W <small>(Tue)</small>,BRF 1<br/>@LEE 1 F,8,4,12%,+2%,05o8o,YES,2026-08-31_15-10-08,,,0,0,0,0,0,0,0,0,0,0,0,0,0,0,0,0,0,0,0,0,0,0,0,0,0,0,0,0,0,0,0,0,0,0,0,0,0,0,0,0,0,NO,0,0,0,0,8,2026-09-01_05-29-47
*068yt*,Sasa Lukic,IPS,M,125,W <small>(Wed)</small>,IPS 2<br/>@MUN 5 F,8,4,10%,+2%,068yt,YES,2026-08-31_15-10-08,,,0,0,0,0,0,0,0,0,0,0,0,0,0,0,0,0,0,0,0,0,0,0,0,0,0,0,0,0,0,0,0,0,0,0,0,0,0,0,0,0,0,NO,0,0,0,0,8,2026-09-01_05-29-47
*076dv*,Marcelino Nunez,IPS,M,128,W <small>(Wed)</small>,IPS 2<br/>@MUN 5 F,8,4,6%,+2%,076dv,YES,2026-08-31_15-10-08,,,0,0,0,0,0,0,0,0,0,0,0,0,0,0,0,0,0,0,0,0,0,0,0,0,0,0,0,0,0,0,0,0,0,0,0,0,0,0,0,0,0,NO,0,0,0,0,8,2026-09-01_05-29-47
*05gcs*,Sander Berge,FUL,M,118,W <small>(Tue)</small>,FUL 0<br/>@SUN 1 F,8,4,6%,0%,05gcs,YES,2026-08-31_15-10-08,,,0,0,0,0,0,0,0,0,0,0,0,0,0,0,0,0,0,0,0,0,0,0,0,0,0,0,0,0,0,0,0,0,0,0,0,0,0,0,0,0,0,NO,0,0,0,0,8,2026-09-01_05-29-47
*06nyw*,Jorge Cuenca,FUL,D,120,W <small>(Tue)</small>,FUL 0<br/>@SUN 1 F,8,8,2%,+1%,06nyw,YES,2026-08-31_15-10-08,,,0,0,0,0,0,0,0,0,0,0,0,0,0,0,0,0,0,0,0,0,0,0,0,0,0,0,0,0,0,0,0,0,0,0,0,0,0,0,0,0,0,NO,0,0,0,0,8,2026-08-29_05-11-01
*06v21*,Florian Wirtz,LIV,M,152,Squirtz,NOT 2<br/>@LIV 2 F,7,3.5,100%,0%,06v21,YES,2026-08-31_15-10-08,,,0,0,0,0,0,0,0,0,0,0,0,0,0,0,0,0,0,0,0,0,0,0,0,0,0,0,0,0,0,0,0,0,0,0,0,0,0,0,0,0,0,NO,0,0,0,0,7,2026-08-31_05-18-29
*067x8*,Nico O'Reilly,MCI,"D,M",144,Bravo,MCI 4<br/>@CRY 1 F,7,3.5,100%,0%,067x8,YES,2026-08-31_15-10-08,,,0,0,0,0,0,0,0,0,0,0,0,0,0,0,0,0,0,0,0,0,0,0,0,0,0,0,0,0,0,0,0,0,0,0,0,0,0,0,0,0,0,NO,0,0,0,0,7,2026-08-31_05-18-29
*05tqx*,David Raya,ARS,G,146,Bravo,@AVL Tue 5:00AM,7,7,100%,0%,05tqx,YES,2026-08-31_15-10-08,,,0,0,0,0,0,0,0,0,0,0,0,0,0,0,0,0,0,0,0,0,0,0,0,0,0,0,0,0,0,0,0,0,0,0,0,0,0,0,0,0,0,NO,0,0,0,0,7,2026-08-29_05-11-01
*06uyc*,Adrien Truffert,BOU,D,150,SDB,EVE 1<br/>@BOU 1 F,7,3.5,99%,+1%,06uyc,YES,2026-08-31_15-10-08,,,0,0,0,0,0,0,0,0,0,0,0,0,0,0,0,0,0,0,0,0,0,0,0,0,0,0,0,0,0,0,0,0,0,0,0,0,0,0,0,0,0,NO,0,0,0,0,7,2026-08-31_05-18-29
*06fxe*,Ryan Gravenberch,LIV,M,140,JTB_21,NOT 2<br/>@LIV 2 F,7,3.5,97%,+1%,06fxe,YES,2026-08-31_15-10-08,,,0,0,0,0,0,0,0,0,0,0,0,0,0,0,0,0,0,0,0,0,0,0,0,0,0,0,0,0,0,0,0,0,0,0,0,0,0,0,0,0,0,NO,0,0,0,0,7,2026-08-29_05-11-01
*05t6x*,William Osula,NEW,F,145,SDB,NEW 2<br/>@TOT 0 F,7,7,87%,+2%,05t6x,YES,2026-08-31_15-10-08,,,0,0,0,0,0,0,0,0,0,0,0,0,0,0,0,0,0,0,0,0,0,0,0,0,0,0,0,0,0,0,0,0,0,0,0,0,0,0,0,0,0,NO,0,0,0,0,7,2026-08-29_05-11-01
*06zbm*,Cristhian Mosquera,ARS,D,143,SDB,@AVL Tue 5:00AM,7,7,73%,+5%,06zbm,YES,2026-08-31_15-10-08,,,0,0,0,0,0,0,0,0,0,0,0,0,0,0,0,0,0,0,0,0,0,0,0,0,0,0,0,0,0,0,0,0,0,0,0,0,0,0,0,0,0,NO,0,0,0,0,7,2026-08-29_05-11-01
*06cmu*,Bart Verbruggen,BHA,G,151,007,BHA 3<br/>@CHE 4 F,7,3.5,60%,+4%,06cmu,YES,2026-08-31_15-10-08,,,0,0,0,0,0,0,0,0,0,0,0,0,0,0,0,0,0,0,0,0,0,0,0,0,0,0,0,0,0,0,0,0,0,0,0,0,0,0,0,0,0,NO,0,0,0,0,7,2026-08-29_05-11-01
*066sd*,Myles Lewis-Skelly,ARS,"D,M",142,MPalm,@AVL Tue 5:00AM,7,7,57%,+6%,066sd,YES,2026-08-31_15-10-08,,,0,0,0,0,0,0,0,0,0,0,0,0,0,0,0,0,0,0,0,0,0,0,0,0,0,0,0,0,0,0,0,0,0,0,0,0,0,0,0,0,0,NO,0,0,0,0,7,2026-08-29_05-11-01
*05l2z*,Bobby Thomas,COV,D,149,W <small>(Mon)</small>,HUL 1<br/>@COV 0 F,7,3.5,39%,+2%,05l2z,YES,2026-08-31_15-10-08,,,0,0,0,0,0,0,0,0,0,0,0,0,0,0,0,0,0,0,0,0,0,0,0,0,0,0,0,0,0,0,0,0,0,0,0,0,0,0,0,0,0,NO,0,0,0,0,7,2026-08-31_05-18-29
*06l4i*,Tyrique George,EVE,"M,F",139,007,EVE 1<br/>@BOU 1 F,7,3.5,34%,+21%,06l4i,YES,2026-08-31_15-10-08,,,0,0,0,0,0,0,0,0,0,0,0,0,0,0,0,0,0,0,0,0,0,0,0,0,0,0,0,0,0,0,0,0,0,0,0,0,0,0,0,0,0,NO,0,0,0,0,7,2026-08-31_05-18-29
*04qor*,Bernd Leno,FUL,G,141,W <small>(Tue)</small>,FUL 0<br/>@SUN 1 F,7,3.5,23%,+3%,04qor,YES,2026-08-31_15-10-08,,,0,0,0,0,0,0,0,0,0,0,0,0,0,0,0,0,0,0,0,0,0,0,0,0,0,0,0,0,0,0,0,0,0,0,0,0,0,0,0,0,0,NO,0,0,0,0,7,2026-09-01_05-29-47
*03yqz*,Joe Rodon,LEE,D,147,Squirtz,BRF 1<br/>@LEE 1 F,7,3.5,14%,+6%,03yqz,YES,2026-08-31_15-10-08,,,0,0,0,0,0,0,0,0,0,0,0,0,0,0,0,0,0,0,0,0,0,0,0,0,0,0,0,0,0,0,0,0,0,0,0,0,0,0,0,0,0,NO,0,0,0,0,7,2026-09-01_05-29-47
*05uds*,Kjell Scherpen,IPS,G,148,W <small>(Wed)</small>,IPS 2<br/>@MUN 5 F,7,3.5,7%,+2%,05uds,YES,2026-08-31_15-10-08,,,0,0,0,0,0,0,0,0,0,0,0,0,0,0,0,0,0,0,0,0,0,0,0,0,0,0,0,0,0,0,0,0,0,0,0,0,0,0,0,0,0,NO,0,0,0,0,7,2026-09-01_05-29-47
*0554g*,Calvin Bassey,FUL,D,137,W <small>(Tue)</small>,FUL 0<br/>@SUN 1 F,7,3.5,7%,0%,0554g,YES,2026-08-31_15-10-08,,,0,0,0,0,0,0,0,0,0,0,0,0,0,0,0,0,0,0,0,0,0,0,0,0,0,0,0,0,0,0,0,0,0,0,0,0,0,0,0,0,0,NO,0,0,0,0,7,2026-09-01_05-29-47
*06kwp*,Josh Acheampong,CHE,D,136,tsnwllms,BHA 3<br/>@CHE 4 F,7,3.5,6%,+2%,06kwp,YES,2026-08-31_15-10-08,,,0,0,0,0,0,0,0,0,0,0,0,0,0,0,0,0,0,0,0,0,0,0,0,0,0,0,0,0,0,0,0,0,0,0,0,0,0,0,0,0,0,NO,0,0,0,0,7,2026-08-29_05-11-01
*076dg*,Lewie Coyle,HUL,D,138,W <small>(Mon)</small>,HUL 1<br/>@COV 0 F,7,3.5,1%,0%,076dg,YES,2026-08-31_15-10-08,,,0,0,0,0,0,0,0,0,0,0,0,0,0,0,0,0,0,0,0,0,0,0,0,0,0,0,0,0,0,0,0,0,0,0,0,0,0,0,0,0,0,NO,0,0,0,0,7,2026-08-29_05-11-01
*05nzu*,Gabriel Magalhaes,ARS,D,168,tsnwllms,@AVL Tue 5:00AM,6,6,100%,0%,05nzu,YES,2026-08-31_15-10-08,,,0,0,0,0,0,0,0,0,0,0,0,0,0,0,0,0,0,0,0,0,0,0,0,0,0,0,0,0,0,0,0,0,0,0,0,0,0,0,0,0,0,NO,0,0,0,0,6,2026-08-31_05-18-29
*03vlj*,Virgil van Dijk,LIV,D,169,200cm,NOT 2<br/>@LIV 2 F,6,3,100%,0%,03vlj,YES,2026-08-31_15-10-08,,,0,0,0,0,0,0,0,0,0,0,0,0,0,0,0,0,0,0,0,0,0,0,0,0,0,0,0,0,0,0,0,0,0,0,0,0,0,0,0,0,0,NO,0,0,0,0,6,2026-08-31_05-18-29
*06pe1*,Mateus Fernandes,TOT,M,156,Team HG,NEW 2<br/>@TOT 0 F,6,3,98%,+1%,06pe1,YES,2026-08-31_15-10-08,,,0,0,0,0,0,0,0,0,0,0,0,0,0,0,0,0,0,0,0,0,0,0,0,0,0,0,0,0,0,0,0,0,0,0,0,0,0,0,0,0,0,NO,0,0,0,0,6,2026-08-31_05-18-29
*05uox*,Christos Tzolis,ARS,F,165,007,@AVL Tue 5:00AM,6,6,97%,+1%,05uox,YES,2026-08-31_15-10-08,,,0,0,0,0,0,0,0,0,0,0,0,0,0,0,0,0,0,0,0,0,0,0,0,0,0,0,0,0,0,0,0,0,0,0,0,0,0,0,0,0,0,NO,0,0,0,0,6,2026-08-31_05-18-29
*06cms*,Sandro Tonali,TOT,M,164,Squirtz,NEW 2<br/>@TOT 0 F,6,3,96%,0%,06cms,YES,2026-08-31_15-10-08,,,0,0,0,0,0,0,0,0,0,0,0,0,0,0,0,0,0,0,0,0,0,0,0,0,0,0,0,0,0,0,0,0,0,0,0,0,0,0,0,0,0,NO,0,0,0,0,6,2026-08-31_05-18-29
*04abn*,Harvey Barnes,NEW,"M,F",153,Bravo,NEW 2<br/>@TOT 0 F,6,3,95%,+1%,04abn,YES,2026-08-31_15-10-08,,,0,0,0,0,0,0,0,0,0,0,0,0,0,0,0,0,0,0,0,0,0,0,0,0,0,0,0,0,0,0,0,0,0,0,0,0,0,0,0,0,0,NO,0,0,0,0,6,2026-08-31_05-18-29
*06y9o*,Igor Jesus,NOT,F,158,MPalm,NOT 2<br/>@LIV 2 F,6,3,94%,+1%,06y9o,YES,2026-08-31_15-10-08,,,0,0,0,0,0,0,0,0,0,0,0,0,0,0,0,0,0,0,0,0,0,0,0,0,0,0,0,0,0,0,0,0,0,0,0,0,0,0,0,0,0,NO,0,0,0,0,6,2026-09-01_05-29-47
*04qfz*,Diogo Dalot,MUN,"D,M",155,SZB,IPS 2<br/>@MUN 5 F,6,3,86%,+4%,04qfz,YES,2026-08-31_15-10-08,,,0,0,0,0,0,0,0,0,0,0,0,0,0,0,0,0,0,0,0,0,0,0,0,0,0,0,0,0,0,0,0,0,0,0,0,0,0,0,0,0,0,NO,0,0,0,0,6,2026-09-01_05-29-47
*070g7*,Nick Woltemade,NEW,"M,F",166,W <small>(Tue)</small>,NEW 2<br/>@TOT 0 F,6,6,84%,0%,070g7,YES,2026-08-31_15-10-08,,,0,0,0,0,0,0,0,0,0,0,0,0,0,0,0,0,0,0,0,0,0,0,0,0,0,0,0,0,0,0,0,0,0,0,0,0,0,0,0,0,0,NO,0,0,0,0,6,2026-09-01_05-29-47
*062p5*,Levi Colwill,CHE,D,154,007,BHA 3<br/>@CHE 4 F,6,3,72%,0%,062p5,YES,2026-08-31_15-10-08,,,0,0,0,0,0,0,0,0,0,0,0,0,0,0,0,0,0,0,0,0,0,0,0,0,0,0,0,0,0,0,0,0,0,0,0,0,0,0,0,0,0,NO,0,0,0,0,6,2026-09-01_05-29-47
*0689w*,Georginio Rutter,BHA,"M,F",162,tsnwllms,BHA 3<br/>@CHE 4 F,6,6,71%,+3%,0689w,YES,2026-08-31_15-10-08,,,0,0,0,0,0,0,0,0,0,0,0,0,0,0,0,0,0,0,0,0,0,0,0,0,0,0,0,0,0,0,0,0,0,0,0,0,0,0,0,0,0,NO,0,0,0,0,6,2026-09-01_05-29-47
*0784p*,Hayden Hackney,EVE,M,157,W <small>(Mon)</small>,EVE 1<br/>@BOU 1 F,6,3,58%,0%,0784p,YES,2026-08-31_15-10-08,,,0,0,0,0,0,0,0,0,0,0,0,0,0,0,0,0,0,0,0,0,0,0,0,0,0,0,0,0,0,0,0,0,0,0,0,0,0,0,0,0,0,NO,0,0,0,0,6,2026-09-01_05-29-47
*06ab3*,Lewis Miley,NEW,"D,M",159,W <small>(Tue)</small>,NEW 2<br/>@TOT 0 F,6,3,30%,+5%,06ab3,YES,2026-08-31_15-10-08,,,0,0,0,0,0,0,0,0,0,0,0,0,0,0,0,0,0,0,0,0,0,0,0,0,0,0,0,0,0,0,0,0,0,0,0,0,0,0,0,0,0,NO,0,0,0,0,6,2026-09-01_05-29-47
*04ge9*,Eddie Nketiah,CRY,F,160,FA,MCI 4<br/>@CRY 1 F,6,3,16%,+9%,04ge9,YES,2026-08-31_15-10-08,,,0,0,0,0,0,0,0,0,0,0,0,0,0,0,0,0,0,0,0,0,0,0,0,0,0,0,0,0,0,0,0,0,0,0,0,0,0,0,0,0,0,NO,0,0,0,0,6,2026-09-01_05-29-47
*06fxu*,Ibrahim Sangare,NOT,M,163,W <small>(Mon)</small>,NOT 2<br/>@LIV 2 F,6,6,8%,+1%,06fxu,YES,2026-08-31_15-10-08,,,0,0,0,0,0,0,0,0,0,0,0,0,0,0,0,0,0,0,0,0,0,0,0,0,0,0,0,0,0,0,0,0,0,0,0,0,0,0,0,0,0,NO,0,0,0,0,6,2026-08-30_05-01-48
*04lnu*,Lukas Nmecha,LEE,F,161,W <small>(Tue)</small>,BRF 1<br/>@LEE 1 F,6,6,3%,0%,04lnu,YES,2026-08-31_15-10-08,,,0,0,0,0,0,0,0,0,0,0,0,0,0,0,0,0,0,0,0,0,0,0,0,0,0,0,0,0,0,0,0,0,0,0,0,0,0,0,0,0,0,NO,0,0,0,0,6,2026-09-01_05-29-47
*03fgl*,Jay da Silva,COV,D,167,W <small>(Mon)</small>,HUL 1<br/>@COV 0 F,6,3,1%,0%,03fgl,YES,2026-08-31_15-10-08,,,0,0,0,0,0,0,0,0,0,0,0,0,0,0,0,0,0,0,0,0,0,0,0,0,0,0,0,0,0,0,0,0,0,0,0,0,0,0,0,0,0,NO,0,0,0,0,6,2026-08-30_05-01-48
*051k7*,Reece James,CHE,"D,M",175,Squirtz,BHA 3<br/>@CHE 4 F,5,2.5,100%,0%,051k7,YES,2026-08-31_15-10-08,,,0,0,0,0,0,0,0,0,0,0,0,0,0,0,0,0,0,0,0,0,0,0,0,0,0,0,0,0,0,0,0,0,0,0,0,0,0,0,0,0,0,NO,0,0,0,0,5,2026-08-30_05-01-48
*06clt*,Justin Kluivert,BOU,"M,F",177,Squirtz,EVE 1<br/>@BOU 1 F,5,2.5,92%,+2%,06clt,YES,2026-08-31_15-10-08,,,0,0,0,0,0,0,0,0,0,0,0,0,0,0,0,0,0,0,0,0,0,0,0,0,0,0,0,0,0,0,0,0,0,0,0,0,0,0,0,0,0,NO,0,0,0,0,5,2026-08-30_05-01-48
*02lz0*,Emiliano Martinez,CHE,G,179,W <small>(Tue)</small>,BHA 3<br/>@CHE 4 F,5,5,61%,+25%,02lz0,YES,2026-08-31_15-10-08,,,0,0,0,0,0,0,0,0,0,0,0,0,0,0,0,0,0,0,0,0,0,0,0,0,0,0,0,0,0,0,0,0,0,0,0,0,0,0,0,0,0,NO,0,0,0,0,5,2026-09-01_05-29-47
*06r6s*,Antonin Kinsky,TOT,G,176,W <small>(Tue)</small>,NEW 2<br/>@TOT 0 F,5,2.5,45%,+4%,06r6s,YES,2026-08-31_15-10-08,,,0,0,0,0,0,0,0,0,0,0,0,0,0,0,0,0,0,0,0,0,0,0,0,0,0,0,0,0,0,0,0,0,0,0,0,0,0,0,0,0,0,NO,0,0,0,0,5,2026-08-30_05-01-48
*04f6h*,Matz Sels,NOT,G,182,Jrodlem6,NOT 2<br/>@LIV 2 F,5,2.5,42%,0%,04f6h,YES,2026-08-31_15-10-08,,,0,0,0,0,0,0,0,0,0,0,0,0,0,0,0,0,0,0,0,0,0,0,0,0,0,0,0,0,0,0,0,0,0,0,0,0,0,0,0,0,0,NO,0,0,0,0,5,2026-08-30_05-01-48
*06fwz*,Murillo,NOT,D,181,W <small>(Mon)</small>,NOT 2<br/>@LIV 2 F,5,2.5,35%,+2%,06fwz,YES,2026-08-31_15-10-08,,,0,0,0,0,0,0,0,0,0,0,0,0,0,0,0,0,0,0,0,0,0,0,0,0,0,0,0,0,0,0,0,0,0,0,0,0,0,0,0,0,0,NO,0,0,0,0,5,2026-08-30_05-01-48
*06clz*,Malo Gusto,CHE,"D,M",174,W <small>(Tue)</small>,BHA 3<br/>@CHE 4 F,5,2.5,29%,+6%,06clz,YES,2026-08-31_15-10-08,,,0,0,0,0,0,0,0,0,0,0,0,0,0,0,0,0,0,0,0,0,0,0,0,0,0,0,0,0,0,0,0,0,0,0,0,0,0,0,0,0,0,NO,0,0,0,0,5,2026-09-01_05-29-47
*076d0*,Milan van Ewijk,COV,D,183,W <small>(Mon)</small>,HUL 1<br/>@COV 0 F,5,2.5,17%,+1%,076d0,YES,2026-08-31_15-10-08,,,0,0,0,0,0,0,0,0,0,0,0,0,0,0,0,0,0,0,0,0,0,0,0,0,0,0,0,0,0,0,0,0,0,0,0,0,0,0,0,0,0,NO,0,0,0,0,5,2026-08-30_05-01-48
*06xzd*,Charalampos Kostoulas,BHA,F,178,W <small>(Tue)</small>,BHA 3<br/>@CHE 4 F,5,2.5,17%,+7%,06xzd,YES,2026-08-31_15-10-08,,,0,0,0,0,0,0,0,0,0,0,0,0,0,0,0,0,0,0,0,0,0,0,0,0,0,0,0,0,0,0,0,0,0,0,0,0,0,0,0,0,0,NO,0,0,0,0,5,2026-09-01_05-29-47
*076dn*,Matt Crooks,HUL,M,172,Squirtz,HUL 1<br/>@COV 0 F,5,5,2%,0%,076dn,YES,2026-08-31_15-10-08,,,0,0,0,0,0,0,0,0,0,0,0,0,0,0,0,0,0,0,0,0,0,0,0,0,0,0,0,0,0,0,0,0,0,0,0,0,0,0,0,0,0,NO,0,0,0,0,5,2026-08-29_05-11-01
*043qy*,Lewis Cook,BOU,M,171,W <small>(Mon)</small>,EVE 1<br/>@BOU 1 F,5,2.5,2%,0%,043qy,YES,2026-08-31_15-10-08,,,0,0,0,0,0,0,0,0,0,0,0,0,0,0,0,0,0,0,0,0,0,0,0,0,0,0,0,0,0,0,0,0,0,0,0,0,0,0,0,0,0,NO,0,0,0,0,5,2026-08-30_05-01-48
*06y29*,Habib Diarra,SUN,M,173,W <small>(Tue)</small>,FUL 0<br/>@SUN 1 F,5,2.5,2%,0%,06y29,YES,2026-08-31_15-10-08,,,0,0,0,0,0,0,0,0,0,0,0,0,0,0,0,0,0,0,0,0,0,0,0,0,0,0,0,0,0,0,0,0,0,0,0,0,0,0,0,0,0,NO,0,0,0,0,5,2026-09-01_05-29-47
*0784i*,Aurele Amenda,COV,D,170,W <small>(Mon)</small>,HUL 1<br/>@COV 0 F,5,2.5,2%,+1%,0784i,YES,2026-08-31_15-10-08,,,0,0,0,0,0,0,0,0,0,0,0,0,0,0,0,0,0,0,0,0,0,0,0,0,0,0,0,0,0,0,0,0,0,0,0,0,0,0,0,0,0,NO,0,0,0,0,5,2026-08-30_05-01-48
*06ygm*,Jair Cunha,NOT,D,180,W <small>(Mon)</small>,NOT 2<br/>@LIV 2 F,5,2.5,1%,0%,06ygm,YES,2026-08-31_15-10-08,,,0,0,0,0,0,0,0,0,0,0,0,0,0,0,0,0,0,0,0,0,0,0,0,0,0,0,0,0,0,0,0,0,0,0,0,0,0,0,0,0,0,NO,0,0,0,0,5,2026-08-30_05-01-48
*04agz*,Declan Rice,ARS,M,195,Hoop,@AVL Tue 5:00AM,4,4,100%,0%,04agz,YES,2026-08-31_15-10-08,,,0,0,0,0,0,0,0,0,0,0,0,0,0,0,0,0,0,0,0,0,0,0,0,0,0,0,0,0,0,0,0,0,0,0,0,0,0,0,0,0,0,NO,0,0,0,0,4,2026-08-28_21-36-23
*072wq*,Rayan,BOU,"M,F",198,tsnwllms,EVE 1<br/>@BOU 1 F,4,2,100%,0%,072wq,YES,2026-08-31_15-10-08,,,0,0,0,0,0,0,0,0,0,0,0,0,0,0,0,0,0,0,0,0,0,0,0,0,0,0,0,0,0,0,0,0,0,0,0,0,0,0,0,0,0,NO,0,0,0,0,4,2026-08-30_05-01-48
*063q8*,Mikkel Damsgaard,BRF,M,186,Bravo,BRF 1<br/>@LEE 1 F,4,2,93%,+3%,063q8,YES,2026-08-31_15-10-08,,,0,0,0,0,0,0,0,0,0,0,0,0,0,0,0,0,0,0,0,0,0,0,0,0,0,0,0,0,0,0,0,0,0,0,0,0,0,0,0,0,0,NO,0,0,0,0,4,2026-09-01_05-29-47
*070hl*,Senne Lammens,MUN,G,189,Squirtz,IPS 2<br/>@MUN 5 F,4,2,92%,0%,070hl,YES,2026-08-31_15-10-08,,,0,0,0,0,0,0,0,0,0,0,0,0,0,0,0,0,0,0,0,0,0,0,0,0,0,0,0,0,0,0,0,0,0,0,0,0,0,0,0,0,0,NO,0,0,0,0,4,2026-09-01_05-29-47
*0784x*,Daizen Maeda,IPS,"M,F",190,JTB_21,IPS 2<br/>@MUN 5 F,4,2,77%,0%,0784x,YES,2026-08-31_15-10-08,,,0,0,0,0,0,0,0,0,0,0,0,0,0,0,0,0,0,0,0,0,0,0,0,0,0,0,0,0,0,0,0,0,0,0,0,0,0,0,0,0,0,NO,0,0,0,0,4,2026-09-01_05-29-47
*05akv*,Tyrick Mitchell,CRY,"D,M",194,FA,MCI 4<br/>@CRY 1 F,4,2,74%,0%,05akv,YES,2026-08-31_15-10-08,7-Day,Mon Aug 24 - Sun Aug 30,3,3,1,90,0,0,0,2,0,0,0,0,0,0,1,0,0,0,0,0,0,0,0,20,0,0,1,0,1,0,0,1,1,0,0,0,0,0,0,0,0,YES,0,0,0,0,4,2026-09-01_05-29-47
*03yww*,Dean Henderson,CRY,G,188,FA,MCI 4<br/>@CRY 1 F,4,2,55%,0%,03yww,YES,2026-08-31_15-10-08,7-Day,Mon Aug 24 - Sun Aug 30,2,2,1,0,0,0,0,0,0,0,0,0,0,0,0,0,0,0,0,0,0,0,0,11,0,0,0,0,0,0,0,0,0,0,0,0,0,0,0,0,0,YES,4,0,4,0,4,2026-09-01_05-29-47
*04yme*,Robert Sanchez,CHE,G,197,SZB,BHA 3<br/>@CHE 4 F,4,4,52%,+1%,04yme,YES,2026-08-31_15-10-08,,,0,0,0,0,0,0,0,0,0,0,0,0,0,0,0,0,0,0,0,0,0,0,0,0,0,0,0,0,0,0,0,0,0,0,0,0,0,0,0,0,0,NO,0,0,0,0,4,2026-08-29_05-11-01
*06mw0*,Nikola Milenkovic,NOT,D,193,W <small>(Mon)</small>,NOT 2<br/>@LIV 2 F,4,2,44%,+1%,06mw0,YES,2026-08-31_15-10-08,7-Day,Mon Aug 24 - Sun Aug 30,2,2,1,90,0,0,0,0,0,0,0,0,0,1,0,1,0,0,0,0,0,0,0,10,0,0,3,0,0,0,1,0,0,0,0,0,0,0,0,0,0,YES,0,0,0,0,4,2026-09-01_05-29-47
*061vp*,Brenden Aaronson,LEE,"M,F",184,W <small>(Tue)</small>,BRF 1<br/>@LEE 1 F,4,2,41%,+5%,061vp,YES,2026-08-31_15-10-08,,,0,0,0,0,0,0,0,0,0,0,0,0,0,0,0,0,0,0,0,0,0,0,0,0,0,0,0,0,0,0,0,0,0,0,0,0,0,0,0,0,0,NO,0,0,0,0,4,2026-08-29_05-11-01
*062pl*,Lisandro Martinez,MUN,D,191,Squirtz,IPS 2<br/>@MUN 5 F,4,4,26%,+5%,062pl,YES,2026-08-31_15-10-08,7-Day,Mon Aug 24 - Sun Aug 30,4,4,1,90,0,0,0,0,0,0,0,0,0,0,1,0,0,1,0,0,0,0,0,83,0,0,0,0,0,0,3,0,0,0,0,0,0,0,0,0,1,YES,0,0,0,0,4,2026-09-01_05-29-47
*06p4j*,Noussair Mazraoui,MUN,"D,M",192,W <small>(Wed)</small>,IPS 2<br/>@MUN 5 F,4,2,19%,+2%,06p4j,YES,2026-08-31_15-10-08,,,0,0,0,0,0,0,0,0,0,0,0,0,0,0,0,0,0,0,0,0,0,0,0,0,0,0,0,0,0,0,0,0,0,0,0,0,0,0,0,0,0,NO,0,0,0,0,4,2026-08-29_05-11-01
*02lpf*,Ross Barkley,AVL,M,185,FA,ARS Tue 5:00AM,4,4,19%,+1%,02lpf,YES,2026-08-31_15-10-08,,,0,0,0,0,0,0,0,0,0,0,0,0,0,0,0,0,0,0,0,0,0,0,0,0,0,0,0,0,0,0,0,0,0,0,0,0,0,0,0,0,0,NO,0,0,0,0,4,2026-08-29_05-11-01
*062ct*,Carl Rushworth,COV,G,196,W <small>(Mon)</small>,HUL 1<br/>@COV 0 F,4,2,16%,+3%,062ct,YES,2026-08-31_15-10-08,,,0,0,0,0,0,0,0,0,0,0,0,0,0,0,0,0,0,0,0,0,0,0,0,0,0,0,0,0,0,0,0,0,0,0,0,0,0,0,0,0,0,NO,0,0,0,0,4,2026-09-01_05-29-47
*05y7c*,Archie Gray,TOT,"D,M",187,W <small>(Tue)</small>,NEW 2<br/>@TOT 0 F,4,2,5%,+1%,05y7c,YES,2026-08-31_15-10-08,7-Day,Mon Aug 24 - Sun Aug 30,2,2,1,67,0,0,0,0,0,0,0,0,0,0,1,1,2,0,0,0,0,0,0,14,0,1,1,0,0,0,0,0,0,0,0,0,0,0,0,0,0,YES,0,0,0,0,4,2026-09-01_05-29-47
*076db*,Brandon Thomas-Asante,COV,F,199,W <small>(Mon)</small>,HUL 1<br/>@COV 0 F,4,2,5%,+1%,076db,YES,2026-08-31_15-10-08,,,0,0,0,0,0,0,0,0,0,0,0,0,0,0,0,0,0,0,0,0,0,0,0,0,0,0,0,0,0,0,0,0,0,0,0,0,0,0,0,0,0,NO,0,0,0,0,4,2026-08-29_05-11-01
*05n07*,Pedro Porro,TOT,D,210,MPalm,NEW 2<br/>@TOT 0 F,3,3,100%,0%,05n07,YES,2026-08-31_15-10-08,7-Day,Mon Aug 24 - Sun Aug 30,3,3,1,90,0,0,0,0,0,0,0,0,1,0,1,1,2,0,0,0,0,0,0,23,1,3,0,0,1,0,1,0,1,0,0,0,0,0,0,0,0,YES,0,0,0,0,3,2026-09-01_05-29-47
*03rxs*,Harry Wilson,LEE,"M,F",215,TA,BRF 1<br/>@LEE 1 F,3,1.5,100%,0%,03rxs,YES,2026-08-31_15-10-08,7-Day,Mon Aug 24 - Sun Aug 30,1,1,1,45,0,0,0,1,0,0,0,0,0,0,1,0,1,0,0,0,0,0,0,14,0,0,2,0,1,0,0,0,0,0,0,0,0,0,0,0,0,YES,0,0,0,0,3,2026-09-01_05-29-47
*06v05*,Jeremie Frimpong,LIV,"D,M",202,TA,NOT 2<br/>@LIV 2 F,3,1.5,98%,0%,06v05,YES,2026-08-31_15-10-08,7-Day,Mon Aug 24 - Sun Aug 30,2,2,1,70,0,0,0,1,0,0,0,0,0,1,0,0,1,0,0,0,0,0,1,38,0,1,0,0,0,0,0,0,0,0,0,0,0,0,0,0,0,YES,0,0,0,0,3,2026-09-01_05-29-47
*06rm8*,Mathys Tel,TOT,"M,F",214,W <small>(Mon)</small>,NEW 2<br/>@TOT 0 F,3,1.5,91%,+1%,06rm8,YES,2026-08-31_15-10-08,7-Day,Mon Aug 24 - Sun Aug 30,0,0,1,67,0,0,0,0,0,0,0,0,1,1,4,0,0,0,0,0,0,0,0,15,0,1,0,0,1,0,0,0,0,0,0,0,0,0,0,0,0,YES,0,0,0,0,3,2026-09-01_05-29-47
*06rf9*,Omar Marmoush,TOT,F,206,SZB,NEW 2<br/>@TOT 0 F,3,3,91%,+9%,06rf9,YES,2026-08-31_15-10-08,7-Day,Mon Aug 24 - Sun Aug 30,3,3,1,90,0,0,0,3,0,0,0,0,1,1,0,3,1,0,0,0,0,0,0,19,0,0,0,0,4,0,0,0,0,0,0,0,0,0,0,0,0,YES,0,0,0,0,3,2026-09-01_05-29-47
*051k0*,John McGinn,AVL,M,207,Jrodlem6,ARS Tue 5:00AM,3,3,90%,0%,051k0,YES,2026-08-31_15-10-08,7-Day,Mon Aug 24 - Sun Aug 30,0,0,,,,,,,,,,,,,,,,,,,,,,,,,,,,,,,,,,,,,,,,YES,0,0,0,0,3,2026-09-01_05-29-47
*0522h*,Alexis Mac Allister,LIV,M,205,W <small>(Mon)</small>,NOT 2<br/>@LIV 2 F,3,1.5,85%,+3%,0522h,YES,2026-08-31_15-10-08,7-Day,Mon Aug 24 - Sun Aug 30,1,1,1,76,0,0,0,0,0,0,0,0,0,0,0,3,1,0,0,0,0,0,0,52,0,0,0,0,1,0,1,0,0,0,0,0,0,0,0,0,0,YES,0,0,0,0,3,2026-09-01_05-29-47
*052cb*,Ian Maatsen,AVL,D,204,FA,ARS Tue 5:00AM,3,3,67%,0%,052cb,YES,2026-08-31_15-10-08,7-Day,Mon Aug 24 - Sun Aug 30,0,0,,,,,,,,,,,,,,,,,,,,,,,,,,,,,,,,,,,,,,,,YES,0,0,0,0,3,2026-09-01_05-29-47
*05ye7*,Oscar Bobb,FUL,M,201,007,FUL 0<br/>@SUN 1 F,3,1.5,66%,+2%,05ye7,YES,2026-08-31_15-10-08,7-Day,Mon Aug 24 - Sun Aug 30,3,1.5,2,133,0,0,0,2,0,0,0,0,0,1,3,2,3,0,0,0,0,0,0,41,0,0,2,0,1,0,1,0,0,0,0,0,0,0,0,0,0,YES,0,0,0,0,3,2026-09-01_05-29-47
*070cj*,Noah Okafor,LEE,F,209,W <small>(Tue)</small>,BRF 1<br/>@LEE 1 F,3,1.5,60%,+5%,070cj,YES,2026-08-31_15-10-08,7-Day,Mon Aug 24 - Sun Aug 30,1,1,1,68,0,0,0,0,0,0,0,0,0,1,0,0,1,0,0,0,0,0,0,11,1,0,0,0,1,0,1,0,0,0,0,0,0,0,0,0,0,YES,0,0,0,0,3,2026-09-01_05-29-47
*068a0*,Andrey Santos,MUN,M,208,W <small>(Tue)</small>,IPS 2<br/>@MUN 5 F,3,1.5,42%,+1%,068a0,YES,2026-08-31_15-10-08,,,0,0,0,0,0,0,0,0,0,0,0,0,0,0,0,0,0,0,0,0,0,0,0,0,0,0,0,0,0,0,0,0,0,0,0,0,0,0,0,0,0,NO,0,0,0,0,3,2026-08-28_21-36-23
*04rzl*,Taiwo Awoniyi,COV,F,200,W <small>(Mon)</small>,HUL 1<br/>@COV 0 F,3,1.5,18%,+8%,04rzl,YES,2026-08-31_15-10-08,7-Day,Mon Aug 24 - Sun Aug 30,3,3,1,90,0,0,0,2,0,0,0,0,2,0,1,1,0,0,0,0,0,0,2,12,0,2,0,0,1,0,2,0,1,0,0,0,0,0,0,0,0,YES,0,0,0,0,3,2026-09-01_05-29-47
*06kqy*,Ayden Heaven,MUN,D,203,W <small>(Wed)</small>,IPS 2<br/>@MUN 5 F,3,3,10%,0%,06kqy,YES,2026-08-31_15-10-08,7-Day,Mon Aug 24 - Sun Aug 30,0,0,,,,,,,,,,,,,,,,,,,,,,,,,,,,,,,,,,,,,,,,YES,0,0,0,0,3,2026-09-01_05-29-47
*078g4*,Caleb Yirenkyi,COV,M,216,W <small>(Mon)</small>,HUL 1<br/>@COV 0 F,3,1.5,9%,0%,078g4,YES,2026-08-31_15-10-08,7-Day,Mon Aug 24 - Sun Aug 30,4,4,1,70,0,0,0,1,0,0,0,0,0,0,1,1,2,0,0,0,0,0,0,37,1,0,0,0,0,0,3,0,0,0,0,0,0,0,0,0,0,YES,0,0,0,0,3,2026-09-01_05-29-47
*04qfm*,Ryan Sessegnon,FUL,"D,M",212,W <small>(Tue)</small>,FUL 0<br/>@SUN 1 F,3,1.5,7%,0%,04qfm,YES,2026-08-31_15-10-08,7-Day,Mon Aug 24 - Sun Aug 30,3,1.5,2,39,0,0,0,0,0,0,0,0,1,0,2,0,0,0,0,0,0,0,0,17,2,1,1,0,4,0,1,0,0,0,0,0,0,0,0,0,0,YES,0,0,0,0,3,2026-09-01_05-29-47
*0785g*,Xaver Schlager,NOT,M,211,W <small>(Mon)</small>,NOT 2<br/>@LIV 2 F,3,1.5,4%,0%,0785g,YES,2026-08-31_15-10-08,7-Day,Mon Aug 24 - Sun Aug 30,3,3,1,90,0,0,0,0,0,0,0,0,0,2,0,0,1,0,0,0,0,0,0,21,0,0,0,0,1,1,1,0,0,0,0,0,0,0,0,0,0,YES,0,0,0,0,3,2026-09-01_05-29-47
*02lp5*,Adam Smith,BOU,D,213,W <small>(Mon)</small>,EVE 1<br/>@BOU 1 F,3,1.5,1%,+1%,02lp5,YES,2026-08-31_15-10-08,,,0,0,0,0,0,0,0,0,0,0,0,0,0,0,0,0,0,0,0,0,0,0,0,0,0,0,0,0,0,0,0,0,0,0,0,0,0,0,0,0,0,NO,0,0,0,0,3,2026-08-28_21-36-23
*06do9*,Milos Kerkez,LIV,D,232,JTB_21,NOT 2<br/>@LIV 2 F,2,1,99%,0%,06do9,YES,2026-08-31_15-10-08,,,0,0,0,0,0,0,0,0,0,0,0,0,0,0,0,0,0,0,0,0,0,0,0,0,0,0,0,0,0,0,0,0,0,0,0,0,0,0,0,0,0,NO,0,0,0,0,2,2026-08-31_05-18-29
*070hs*,Gianluigi Donnarumma,MCI,G,225,MPalm,MCI 4<br/>@CRY 1 F,2,1,98%,+1%,070hs,YES,2026-08-31_15-10-08,,,0,0,0,0,0,0,0,0,0,0,0,0,0,0,0,0,0,0,0,0,0,0,0,0,0,0,0,0,0,0,0,0,0,0,0,0,0,0,0,0,0,NO,0,0,0,0,2,2026-08-31_05-18-29
*070hc*,Brian Brobbey,SUN,F,221,Squirtz,FUL 0<br/>@SUN 1 F,2,1,97%,0%,070hc,YES,2026-08-31_15-10-08,7-Day,Mon Aug 24 - Sun Aug 30,3,3,1,63,0,0,0,0,0,0,0,0,0,0,0,1,1,0,0,0,0,0,1,7,0,0,0,0,0,0,4,0,0,0,0,0,0,0,0,0,1,YES,0,0,0,0,2,2026-09-01_05-29-47
*051kl*,Emiliano Buendia,AVL,M,222,Catdog,ARS Tue 5:00AM,2,2,95%,0%,051kl,YES,2026-08-31_15-10-08,,,0,0,0,0,0,0,0,0,0,0,0,0,0,0,0,0,0,0,0,0,0,0,0,0,0,0,0,0,0,0,0,0,0,0,0,0,0,0,0,0,0,NO,0,0,0,0,2,2026-08-28_21-36-23
*06r2g*,Rio Ngumoha,LIV,"M,F",237,W <small>(Mon)</small>,NOT 2<br/>@LIV 2 F,2,1,93%,0%,06r2g,YES,2026-08-31_15-10-08,,,0,0,0,0,0,0,0,0,0,0,0,0,0,0,0,0,0,0,0,0,0,0,0,0,0,0,0,0,0,0,0,0,0,0,0,0,0,0,0,0,0,NO,0,0,0,0,2,2026-08-31_05-18-29
*05o4b*,Matty Cash,AVL,D,223,SDB,ARS Tue 5:00AM,2,2,82%,0%,05o4b,YES,2026-08-31_15-10-08,,,0,0,0,0,0,0,0,0,0,0,0,0,0,0,0,0,0,0,0,0,0,0,0,0,0,0,0,0,0,0,0,0,0,0,0,0,0,0,0,0,0,NO,0,0,0,0,2,2026-08-28_21-36-23
*078i7*,Ronald Araujo,LIV,D,219,JTB_21,NOT 2<br/>@LIV 2 F,2,1,75%,+1%,078i7,YES,2026-08-31_15-10-08,,,0,0,0,0,0,0,0,0,0,0,0,0,0,0,0,0,0,0,0,0,0,0,0,0,0,0,0,0,0,0,0,0,0,0,0,0,0,0,0,0,0,NO,0,0,0,0,2,2026-08-28_21-36-23
*068n8*,Noni Madueke,ARS,"M,F",233,FA,@AVL Tue 5:00AM,2,2,62%,+4%,068n8,YES,2026-08-31_15-10-08,,,0,0,0,0,0,0,0,0,0,0,0,0,0,0,0,0,0,0,0,0,0,0,0,0,0,0,0,0,0,0,0,0,0,0,0,0,0,0,0,0,0,NO,0,0,0,0,2,2026-08-28_21-36-23
*03frx*,Ola Aina,NOT,"D,M",217,W <small>(Mon)</small>,NOT 2<br/>@LIV 2 F,2,1,62%,+13%,03frx,YES,2026-08-31_15-10-08,,,0,0,0,0,0,0,0,0,0,0,0,0,0,0,0,0,0,0,0,0,0,0,0,0,0,0,0,0,0,0,0,0,0,0,0,0,0,0,0,0,0,NO,0,0,0,0,2,2026-08-28_21-36-23
*06phe*,Ferdi Kadioglu,BHA,"D,M",231,W <small>(Tue)</small>,BHA 3<br/>@CHE 4 F,2,2,58%,+2%,06phe,YES,2026-08-31_15-10-08,7-Day,Mon Aug 24 - Sun Aug 30,2,2,1,90,0,0,0,1,0,0,0,0,0,0,0,0,1,0,0,0,0,0,0,57,0,1,0,0,0,0,0,0,0,0,0,0,0,0,0,0,0,YES,0,0,0,0,2,2026-09-01_05-29-47
*068yc*,Yasin Ayari,BHA,M,220,W <small>(Tue)</small>,BHA 3<br/>@CHE 4 F,2,2,51%,0%,068yc,YES,2026-08-31_15-10-08,,,0,0,0,0,0,0,0,0,0,0,0,0,0,0,0,0,0,0,0,0,0,0,0,0,0,0,0,0,0,0,0,0,0,0,0,0,0,0,0,0,0,NO,0,0,0,0,2,2026-08-31_05-18-29
*04p0d*,Dwight McNeil,CRY,"M,F",234,FA,MCI 4<br/>@CRY 1 F,2,1,50%,0%,04p0d,YES,2026-08-31_15-10-08,,,0,0,0,0,0,0,0,0,0,0,0,0,0,0,0,0,0,0,0,0,0,0,0,0,0,0,0,0,0,0,0,0,0,0,0,0,0,0,0,0,0,NO,0,0,0,0,2,2026-08-31_05-18-29
*05oig*,Liam Delap,NOT,F,224,Team HG,NOT 2<br/>@LIV 2 F,2,2,39%,+31%,05oig,YES,2026-08-31_15-10-08,,,0,0,0,0,0,0,0,0,0,0,0,0,0,0,0,0,0,0,0,0,0,0,0,0,0,0,0,0,0,0,0,0,0,0,0,0,0,0,0,0,0,NO,0,0,0,0,2,2026-08-31_05-18-29
*076d3*,Jack Rudoni,COV,M,238,W <small>(Mon)</small>,HUL 1<br/>@COV 0 F,2,1,30%,+3%,076d3,YES,2026-08-31_15-10-08,,,0,0,0,0,0,0,0,0,0,0,0,0,0,0,0,0,0,0,0,0,0,0,0,0,0,0,0,0,0,0,0,0,0,0,0,0,0,0,0,0,0,NO,0,0,0,0,2,2026-08-31_05-18-29
*06mow*,Jorgen Strand Larsen,CRY,F,239,JTB_21,MCI 4<br/>@CRY 1 F,2,1,28%,+3%,06mow,YES,2026-08-31_15-10-08,,,0,0,0,0,0,0,0,0,0,0,0,0,0,0,0,0,0,0,0,0,0,0,0,0,0,0,0,0,0,0,0,0,0,0,0,0,0,0,0,0,0,NO,0,0,0,0,2,2026-08-31_05-18-29
*06rm7*,Nico Gonzalez,NEW,M,228,Team HG,NEW 2<br/>@TOT 0 F,2,2,25%,+21%,06rm7,YES,2026-08-31_15-10-08,,,0,0,0,0,0,0,0,0,0,0,0,0,0,0,0,0,0,0,0,0,0,0,0,0,0,0,0,0,0,0,0,0,0,0,0,0,0,0,0,0,0,NO,0,0,0,0,2,2026-08-31_05-18-29
*05os8*,Joachim Andersen,FUL,D,218,W <small>(Tue)</small>,FUL 0<br/>@SUN 1 F,2,2,17%,+1%,05os8,YES,2026-08-31_15-10-08,7-Day,Mon Aug 24 - Sun Aug 30,2,2,1,90,0,0,0,1,0,0,0,0,0,0,0,3,1,0,1,0,0,0,0,77,0,0,1,0,0,0,5,0,0,0,0,0,0,0,0,0,0,YES,0,0,0,0,2,2026-09-01_05-29-47
*06lox*,Mikey Moore,TOT,F,235,W <small>(Tue)</small>,NEW 2<br/>@TOT 0 F,2,1,11%,+5%,06lox,YES,2026-08-31_15-10-08,,,0,0,0,0,0,0,0,0,0,0,0,0,0,0,0,0,0,0,0,0,0,0,0,0,0,0,0,0,0,0,0,0,0,0,0,0,0,0,0,0,0,NO,0,0,0,0,2,2026-08-31_05-18-29
*05opl*,Wesley Fofana,CHE,D,227,Hoop,BHA 3<br/>@CHE 4 F,2,2,10%,+4%,05opl,YES,2026-08-31_15-10-08,7-Day,Mon Aug 24 - Sun Aug 30,2,2,1,67,0,0,0,0,0,0,0,0,0,0,0,0,0,0,1,0,0,0,0,13,0,0,1,0,0,1,0,0,0,0,0,0,0,0,0,0,1,YES,0,0,0,0,2,2026-09-01_05-29-47
*06y27*,Loum Tchaouna,COV,"M,F",241,W <small>(Mon)</small>,HUL 1<br/>@COV 0 F,2,1,8%,+1%,06y27,YES,2026-08-31_15-10-08,,,0,0,0,0,0,0,0,0,0,0,0,0,0,0,0,0,0,0,0,0,0,0,0,0,0,0,0,0,0,0,0,0,0,0,0,0,0,0,0,0,0,NO,0,0,0,0,2,2026-08-31_05-18-29
*06zvn*,George Hemmings,AVL,M,230,FA,ARS Tue 5:00AM,2,2,7%,+1%,06zvn,YES,2026-08-31_15-10-08,,,0,0,0,0,0,0,0,0,0,0,0,0,0,0,0,0,0,0,0,0,0,0,0,0,0,0,0,0,0,0,0,0,0,0,0,0,0,0,0,0,0,NO,0,0,0,0,2,2026-08-31_05-18-29
*06msc*,Jacob Greaves,IPS,D,229,W <small>(Wed)</small>,IPS 2<br/>@MUN 5 F,2,1,7%,0%,06msc,YES,2026-08-31_15-10-08,7-Day,Mon Aug 24 - Sun Aug 30,-3,-3,1,90,0,0,0,0,0,0,0,0,0,1,0,1,2,0,1,0,1,0,0,44,0,0,0,0,0,4,1,0,0,0,0,0,0,1,0,0,0,YES,0,0,0,0,2,2026-09-01_05-29-47
*05w9r*,Takehiro Tomiyasu,CRY,D,242,FA,MCI 4<br/>@CRY 1 F,2,1,2%,0%,05w9r,YES,2026-08-31_15-10-08,,,0,0,0,0,0,0,0,0,0,0,0,0,0,0,0,0,0,0,0,0,0,0,0,0,0,0,0,0,0,0,0,0,0,0,0,0,0,0,0,0,0,NO,0,0,0,0,2,2026-08-31_05-18-29
*078hi*,Elliot Stroud,HUL,M,240,W <small>(Mon)</small>,HUL 1<br/>@COV 0 F,2,1,2%,+1%,078hi,YES,2026-08-31_15-10-08,,,0,0,0,0,0,0,0,0,0,0,0,0,0,0,0,0,0,0,0,0,0,0,0,0,0,0,0,0,0,0,0,0,0,0,0,0,0,0,0,0,0,NO,0,0,0,0,2,2026-08-31_05-18-29
*0784r*,Hidemasa Morita,HUL,M,236,W <small>(Mon)</small>,HUL 1<br/>@COV 0 F,2,2,1%,0%,0784r,YES,2026-08-31_15-10-08,,,0,0,0,0,0,0,0,0,0,0,0,0,0,0,0,0,0,0,0,0,0,0,0,0,0,0,0,0,0,0,0,0,0,0,0,0,0,0,0,0,0,NO,0,0,0,0,2,2026-08-31_05-18-29
*078wo*,Nico Elvedi,LEE,D,226,W <small>(Tue)</small>,BRF 1<br/>@LEE 1 F,2,2,0%,0%,078wo,YES,2026-08-31_15-10-08,7-Day,Mon Aug 24 - Sun Aug 30,2,2,1,56,0,0,0,0,0,0,0,0,0,1,2,0,2,0,0,0,0,0,0,34,0,0,1,0,0,1,0,0,0,0,0,0,0,0,0,0,0,YES,0,0,0,0,2,2026-09-01_05-29-47
*05nt6*,Eberechi Eze,ARS,"M,F",246,FA,@AVL Tue 5:00AM,1,1,96%,0%,05nt6,YES,2026-08-31_15-10-08,,,0,0,0,0,0,0,0,0,0,0,0,0,0,0,0,0,0,0,0,0,0,0,0,0,0,0,0,0,0,0,0,0,0,0,0,0,0,0,0,0,0,NO,0,0,0,0,1,2026-08-29_05-11-01
*0414o*,James Maddison,TOT,M,252,Hoop,NEW 2<br/>@TOT 0 F,1,1,94%,0%,0414o,YES,2026-08-31_15-10-08,,,0,0,0,0,0,0,0,0,0,0,0,0,0,0,0,0,0,0,0,0,0,0,0,0,0,0,0,0,0,0,0,0,0,0,0,0,0,0,0,0,0,NO,0,0,0,0,1,2026-08-29_05-11-01
*061vk*,Jaidon Anthony,BRF,"M,F",244,W <small>(Tue)</small>,BRF 1<br/>@LEE 1 F,1,0.5,71%,+10%,061vk,YES,2026-08-31_15-10-08,,,0,0,0,0,0,0,0,0,0,0,0,0,0,0,0,0,0,0,0,0,0,0,0,0,0,0,0,0,0,0,0,0,0,0,0,0,0,0,0,0,0,NO,0,0,0,0,1,2026-08-29_05-11-01
*06ezb*,Micky van de Ven,TOT,D,266,tsnwllms,NEW 2<br/>@TOT 0 F,1,1,63%,+3%,06ezb,YES,2026-08-31_15-10-08,,,0,0,0,0,0,0,0,0,0,0,0,0,0,0,0,0,0,0,0,0,0,0,0,0,0,0,0,0,0,0,0,0,0,0,0,0,0,0,0,0,0,NO,0,0,0,0,1,2026-08-31_05-18-29
*06fvn*,Beto,EVE,F,247,W <small>(Mon)</small>,EVE 1<br/>@BOU 1 F,1,0.5,46%,0%,06fvn,YES,2026-08-31_15-10-08,,,0,0,0,0,0,0,0,0,0,0,0,0,0,0,0,0,0,0,0,0,0,0,0,0,0,0,0,0,0,0,0,0,0,0,0,0,0,0,0,0,0,NO,0,0,0,0,1,2026-08-31_05-18-29
*061vn*,Rodrigo Muniz,FUL,F,254,W <small>(Tue)</small>,FUL 0<br/>@SUN 1 F,1,1,21%,+1%,061vn,YES,2026-08-31_15-10-08,,,0,0,0,0,0,0,0,0,0,0,0,0,0,0,0,0,0,0,0,0,0,0,0,0,0,0,0,0,0,0,0,0,0,0,0,0,0,0,0,0,0,NO,0,0,0,0,1,2026-08-29_05-11-01
*076d7*,Victor Torp,COV,M,263,W <small>(Mon)</small>,HUL 1<br/>@COV 0 F,1,0.5,13%,0%,076d7,YES,2026-08-31_15-10-08,,,0,0,0,0,0,0,0,0,0,0,0,0,0,0,0,0,0,0,0,0,0,0,0,0,0,0,0,0,0,0,0,0,0,0,0,0,0,0,0,0,0,NO,0,0,0,0,1,2026-08-29_05-11-01
*062x7*,Rico Lewis,MCI,D,251,FA,MCI 4<br/>@CRY 1 F,1,1,12%,+1%,062x7,YES,2026-08-31_15-10-08,,,0,0,0,0,0,0,0,0,0,0,0,0,0,0,0,0,0,0,0,0,0,0,0,0,0,0,0,0,0,0,0,0,0,0,0,0,0,0,0,0,0,NO,0,0,0,0,1,2026-08-29_05-11-01
*062h7*,Tyler Adams,BOU,M,243,W <small>(Mon)</small>,EVE 1<br/>@BOU 1 F,1,0.5,12%,0%,062h7,YES,2026-08-31_15-10-08,,,0,0,0,0,0,0,0,0,0,0,0,0,0,0,0,0,0,0,0,0,0,0,0,0,0,0,0,0,0,0,0,0,0,0,0,0,0,0,0,0,0,NO,0,0,0,0,1,2026-08-29_05-11-01
*04sat*,Emile Smith Rowe,FUL,M,261,W <small>(Tue)</small>,FUL 0<br/>@SUN 1 F,1,1,9%,0%,04sat,YES,2026-08-31_15-10-08,7-Day,Mon Aug 24 - Sun Aug 30,1,1,1,14,0,0,0,2,0,0,0,0,0,0,1,0,0,0,0,0,0,0,0,16,0,0,0,0,0,0,0,0,0,0,0,0,0,0,0,0,0,YES,0,0,0,0,1,2026-09-01_05-29-47
*06mx0*,Leny Yoro,MUN,D,265,W <small>(Wed)</small>,IPS 2<br/>@MUN 5 F,1,1,9%,0%,06mx0,YES,2026-08-31_15-10-08,7-Day,Mon Aug 24 - Sun Aug 30,1,1,1,16,0,0,0,0,0,0,0,0,0,0,0,1,0,0,0,0,0,0,0,17,0,0,2,0,0,0,0,0,0,0,0,0,0,0,0,0,0,YES,0,0,0,0,1,2026-09-01_05-29-47
*05m9r*,Ellis Simms,COV,F,260,W <small>(Mon)</small>,HUL 1<br/>@COV 0 F,1,1,8%,+1%,05m9r,YES,2026-08-31_15-10-08,,,0,0,0,0,0,0,0,0,0,0,0,0,0,0,0,0,0,0,0,0,0,0,0,0,0,0,0,0,0,0,0,0,0,0,0,0,0,0,0,0,0,NO,0,0,0,0,1,2026-08-28_21-36-23
*06ymt*,Marco Bizot,AVL,G,245,FA,ARS Tue 5:00AM,1,1,6%,+1%,06ymt,YES,2026-08-31_15-10-08,,,0,0,0,0,0,0,0,0,0,0,0,0,0,0,0,0,0,0,0,0,0,0,0,0,0,0,0,0,0,0,0,0,0,0,0,0,0,0,0,0,0,NO,0,0,0,0,1,2026-08-28_21-36-23
*076d4*,Tatsuhiro Sakamoto,COV,M,259,W <small>(Mon)</small>,HUL 1<br/>@COV 0 F,1,1,5%,0%,076d4,YES,2026-08-31_15-10-08,,,0,0,0,0,0,0,0,0,0,0,0,0,0,0,0,0,0,0,0,0,0,0,0,0,0,0,0,0,0,0,0,0,0,0,0,0,0,0,0,0,0,NO,0,0,0,0,1,2026-08-31_05-18-29
*066r9*,Ehor Yarmolyuk,BRF,M,264,W <small>(Tue)</small>,BRF 1<br/>@LEE 1 F,1,0.5,3%,0%,066r9,YES,2026-08-31_15-10-08,,,0,0,0,0,0,0,0,0,0,0,0,0,0,0,0,0,0,0,0,0,0,0,0,0,0,0,0,0,0,0,0,0,0,0,0,0,0,0,0,0,0,NO,0,0,0,0,1,2026-08-28_21-36-23
*05ue7*,Frank Onyeka,COV,M,255,W <small>(Mon)</small>,HUL 1<br/>@COV 0 F,1,1,2%,0%,05ue7,YES,2026-08-31_15-10-08,,,0,0,0,0,0,0,0,0,0,0,0,0,0,0,0,0,0,0,0,0,0,0,0,0,0,0,0,0,0,0,0,0,0,0,0,0,0,0,0,0,0,NO,0,0,0,0,1,2026-08-28_21-36-23
*078ml*,Lucas Herrington,HUL,D,249,JTB_21,HUL 1<br/>@COV 0 F,1,0.5,2%,0%,078ml,YES,2026-08-31_15-10-08,,,0,0,0,0,0,0,0,0,0,0,0,0,0,0,0,0,0,0,0,0,0,0,0,0,0,0,0,0,0,0,0,0,0,0,0,0,0,0,0,0,0,NO,0,0,0,0,1,2026-08-28_21-36-23
*06uzy*,Ao Tanaka,LEE,M,262,W <small>(Tue)</small>,BRF 1<br/>@LEE 1 F,1,1,1%,0%,06uzy,YES,2026-08-31_15-10-08,7-Day,Mon Aug 24 - Sun Aug 30,1,1,1,45,0,0,0,0,0,0,0,0,0,0,0,0,0,0,0,0,0,0,0,22,0,0,0,0,1,1,1,0,0,0,0,0,0,0,0,0,0,YES,0,0,0,0,1,2026-09-01_05-29-47
*06mnn*,Chadi Riad,CRY,D,258,FA,MCI 4<br/>@CRY 1 F,1,1,1%,0%,06mnn,YES,2026-08-31_15-10-08,,,0,0,0,0,0,0,0,0,0,0,0,0,0,0,0,0,0,0,0,0,0,0,0,0,0,0,0,0,0,0,0,0,0,0,0,0,0,0,0,0,0,NO,0,0,0,0,1,2026-08-28_21-36-23
*06mn1*,Ibrahim Osman,BHA,F,256,W <small>(Tue)</small>,BHA 3<br/>@CHE 4 F,1,0.5,1%,0%,06mn1,YES,2026-08-31_15-10-08,,,0,0,0,0,0,0,0,0,0,0,0,0,0,0,0,0,0,0,0,0,0,0,0,0,0,0,0,0,0,0,0,0,0,0,0,0,0,0,0,0,0,NO,0,0,0,0,1,2026-08-28_21-36-23
*03yr0*,Daniel James,LEE,"M,F",250,W <small>(Tue)</small>,BRF 1<br/>@LEE 1 F,1,1,1%,0%,03yr0,YES,2026-08-31_15-10-08,7-Day,Mon Aug 24 - Sun Aug 30,1,1,1,22,0,0,0,0,0,0,0,0,0,0,0,0,0,0,0,0,0,0,0,5,0,2,0,0,1,0,0,0,0,0,0,0,0,0,0,0,0,YES,0,0,0,0,1,2026-09-01_05-29-47
*0793h*,Exequiel Palacios,IPS,M,257,W <small>(Wed)</small>,IPS 2<br/>@MUN 5 F,1,1,1%,+1%,0793h,YES,2026-08-31_15-10-08,,,0,0,0,0,0,0,0,0,0,0,0,0,0,0,0,0,0,0,0,0,0,0,0,0,0,0,0,0,0,0,0,0,0,0,0,0,0,0,0,0,0,NO,0,0,0,0,1,2026-09-01_05-29-47
*05udw*,Romaine Mundle,SUN,"M,F",253,W <small>(Tue)</small>,FUL 0<br/>@SUN 1 F,1,1,0%,0%,05udw,YES,2026-08-31_15-10-08,,,0,0,0,0,0,0,0,0,0,0,0,0,0,0,0,0,0,0,0,0,0,0,0,0,0,0,0,0,0,0,0,0,0,0,0,0,0,0,0,0,0,NO,0,0,0,0,1,2026-09-01_05-29-47
*078qh*,Lucas Gourna-Douath,HUL,M,248,W <small>(Mon)</small>,HUL 1<br/>@COV 0 F,1,1,0%,0%,078qh,YES,2026-08-31_15-10-08,,,0,0,0,0,0,0,0,0,0,0,0,0,0,0,0,0,0,0,0,0,0,0,0,0,0,0,0,0,0,0,0,0,0,0,0,0,0,0,0,0,0,NO,0,0,0,0,1,2026-08-31_05-18-29
*05ylj*,Bruno Guimaraes,ARS,M,399,Catdog,@AVL Tue 5:00AM,0,0,100%,0%,05ylj,YES,2026-08-31_15-10-08,,,0,0,0,0,0,0,0,0,0,0,0,0,0,0,0,0,0,0,0,0,0,0,0,0,0,0,0,0,0,0,0,0,0,0,0,0,0,0,0,0,0,NO,0,0,0,0,0,
*068ym*,Enzo Fernandez,CHE,M,377,TA,BHA 3<br/>@CHE 4 F,0,0,100%,0%,068ym,YES,2026-08-31_15-10-08,,,0,0,0,0,0,0,0,0,0,0,0,0,0,0,0,0,0,0,0,0,0,0,0,0,0,0,0,0,0,0,0,0,0,0,0,0,0,0,0,0,0,NO,0,0,0,0,0,
*06fup*,Jeremy Doku,MCI,"M,F",358,SDB,MCI 4<br/>@CRY 1 F,0,0,100%,+1%,06fup,YES,2026-08-31_15-10-08,,,0,0,0,0,0,0,0,0,0,0,0,0,0,0,0,0,0,0,0,0,0,0,0,0,0,0,0,0,0,0,0,0,0,0,0,0,0,0,0,0,0,NO,0,0,0,0,0,
*04tsb*,Viktor Gyokeres,ARS,F,402,SDB,@AVL Tue 5:00AM,0,0,99%,0%,04tsb,YES,2026-08-31_15-10-08,,,0,0,0,0,0,0,0,0,0,0,0,0,0,0,0,0,0,0,0,0,0,0,0,0,0,0,0,0,0,0,0,0,0,0,0,0,0,0,0,0,0,NO,0,0,0,0,0,
*05748*,Ismaila Sarr,CRY,"M,F",543,MPalm,MCI 4<br/>@CRY 1 F,0,0,99%,+1%,05748,YES,2026-08-31_15-10-08,,,0,0,0,0,0,0,0,0,0,0,0,0,0,0,0,0,0,0,0,0,0,0,0,0,0,0,0,0,0,0,0,0,0,0,0,0,0,0,0,0,0,NO,0,0,0,0,0,
*05r34*,Amad Diallo,MUN,"M,F",352,MPalm,IPS 2<br/>@MUN 5 F,0,0,98%,0%,05r34,YES,2026-08-31_15-10-08,,,0,0,0,0,0,0,0,0,0,0,0,0,0,0,0,0,0,0,0,0,0,0,0,0,0,0,0,0,0,0,0,0,0,0,0,0,0,0,0,0,0,NO,0,0,0,0,0,
*06fv8*,Mohammed Kudus,TOT,"M,F",441,Jrodlem6,NEW 2<br/>@TOT 0 F,0,0,98%,+1%,06fv8,YES,2026-08-31_15-10-08,,,0,0,0,0,0,0,0,0,0,0,0,0,0,0,0,0,0,0,0,0,0,0,0,0,0,0,0,0,0,0,0,0,0,0,0,0,0,0,0,0,0,NO,0,0,0,0,0,
*06zxy*,Benjamin Sesko,MUN,F,553,Hoop,IPS 2<br/>@MUN 5 F,0,0,97%,0%,06zxy,YES,2026-08-31_15-10-08,,,0,0,0,0,0,0,0,0,0,0,0,0,0,0,0,0,0,0,0,0,0,0,0,0,0,0,0,0,0,0,0,0,0,0,0,0,0,0,0,0,0,NO,0,0,0,0,0,
*06dmj*,Jurrien Timber,ARS,D,579,W <small>(Tue)</small>,@AVL Tue 5:00AM,0,0,97%,+1%,06dmj,YES,2026-08-31_15-10-08,,,0,0,0,0,0,0,0,0,0,0,0,0,0,0,0,0,0,0,0,0,0,0,0,0,0,0,0,0,0,0,0,0,0,0,0,0,0,0,0,0,0,NO,0,0,0,0,0,
*063zi*,Matheus Nunes,MCI,"D,M",499,Team HG,MCI 4<br/>@CRY 1 F,0,0,96%,+1%,063zi,YES,2026-08-31_15-10-08,,,0,0,0,0,0,0,0,0,0,0,0,0,0,0,0,0,0,0,0,0,0,0,0,0,0,0,0,0,0,0,0,0,0,0,0,0,0,0,0,0,0,NO,0,0,0,0,0,
*05ocl*,Ollie Watkins,AVL,F,592,FA,ARS Tue 5:00AM,0,0,96%,0%,05ocl,YES,2026-08-31_15-10-08,,,0,0,0,0,0,0,0,0,0,0,0,0,0,0,0,0,0,0,0,0,0,0,0,0,0,0,0,0,0,0,0,0,0,0,0,0,0,0,0,0,0,NO,0,0,0,0,0,
*04spw*,James Garner,EVE,"D,M",387,007,EVE 1<br/>@BOU 1 F,0,0,96%,+2%,04spw,YES,2026-08-31_15-10-08,,,0,0,0,0,0,0,0,0,0,0,0,0,0,0,0,0,0,0,0,0,0,0,0,0,0,0,0,0,0,0,0,0,0,0,0,0,0,0,0,0,0,NO,0,0,0,0,0,
*06mvz*,Savio,TOT,"M,F",486,Team HG,NEW 2<br/>@TOT 0 F,0,0,93%,+9%,06mvz,YES,2026-08-31_15-10-08,,,0,0,0,0,0,0,0,0,0,0,0,0,0,0,0,0,0,0,0,0,0,0,0,0,0,0,0,0,0,0,0,0,0,0,0,0,0,0,0,0,0,NO,0,0,0,0,0,
*03fgo*,Dominic Solanke,TOT,F,562,200cm,NEW 2<br/>@TOT 0 F,0,0,90%,+2%,03fgo,YES,2026-08-31_15-10-08,,,0,0,0,0,0,0,0,0,0,0,0,0,0,0,0,0,0,0,0,0,0,0,0,0,0,0,0,0,0,0,0,0,0,0,0,0,0,0,0,0,0,NO,0,0,0,0,0,
*07848*,Johan Manzambi,AVL,M,457,007,ARS Tue 5:00AM,0,0,90%,+1%,07848,YES,2026-08-31_15-10-08,,,0,0,0,0,0,0,0,0,0,0,0,0,0,0,0,0,0,0,0,0,0,0,0,0,0,0,0,0,0,0,0,0,0,0,0,0,0,0,0,0,0,NO,0,0,0,0,0,
*062ci*,Kaoru Mitoma,BHA,"M,F",483,Jrodlem6,BHA 3<br/>@CHE 4 F,0,0,89%,+1%,062ci,YES,2026-08-31_15-10-08,,,0,0,0,0,0,0,0,0,0,0,0,0,0,0,0,0,0,0,0,0,0,0,0,0,0,0,0,0,0,0,0,0,0,0,0,0,0,0,0,0,0,NO,0,0,0,0,0,
*0784b*,Marco Palestra,CHE,D,516,Hoop,BHA 3<br/>@CHE 4 F,0,0,85%,+3%,0784b,YES,2026-08-31_15-10-08,,,0,0,0,0,0,0,0,0,0,0,0,0,0,0,0,0,0,0,0,0,0,0,0,0,0,0,0,0,0,0,0,0,0,0,0,0,0,0,0,0,0,NO,0,0,0,0,0,
*04io4*,Richarlison,TOT,F,614,Bravo,NEW 2<br/>@TOT 0 F,0,0,84%,0%,04io4,YES,2026-08-31_15-10-08,,,0,0,0,0,0,0,0,0,0,0,0,0,0,0,0,0,0,0,0,0,0,0,0,0,0,0,0,0,0,0,0,0,0,0,0,0,0,0,0,0,0,NO,0,0,0,0,0,
*06yxe*,Estevao,CHE,"M,F",279,W <small>(Tue)</small>,BHA 3<br/>@CHE 4 F,0,0,83%,0%,06yxe,YES,2026-08-31_15-10-08,,,0,0,0,0,0,0,0,0,0,0,0,0,0,0,0,0,0,0,0,0,0,0,0,0,0,0,0,0,0,0,0,0,0,0,0,0,0,0,0,0,0,NO,0,0,0,0,0,
*05rb8*,Moises Caicedo,CHE,M,321,MPalm,BHA 3<br/>@CHE 4 F,0,0,79%,+1%,05rb8,YES,2026-08-31_15-10-08,,,0,0,0,0,0,0,0,0,0,0,0,0,0,0,0,0,0,0,0,0,0,0,0,0,0,0,0,0,0,0,0,0,0,0,0,0,0,0,0,0,0,NO,0,0,0,0,0,
*06c6g*,Yankuba Minteh,BHA,"M,F",482,W <small>(Tue)</small>,BHA 3<br/>@CHE 4 F,0,0,75%,+1%,06c6g,YES,2026-08-31_15-10-08,,,0,0,0,0,0,0,0,0,0,0,0,0,0,0,0,0,0,0,0,0,0,0,0,0,0,0,0,0,0,0,0,0,0,0,0,0,0,0,0,0,0,NO,0,0,0,0,0,
*02lm7*,Jack Grealish,MCI,M,395,SDB,MCI 4<br/>@CRY 1 F,0,0,73%,+8%,02lm7,YES,2026-08-31_15-10-08,,,0,0,0,0,0,0,0,0,0,0,0,0,0,0,0,0,0,0,0,0,0,0,0,0,0,0,0,0,0,0,0,0,0,0,0,0,0,0,0,0,0,NO,0,0,0,0,0,
*06cm1*,Nicolas Jackson,AVL,F,422,200cm,ARS Tue 5:00AM,0,0,70%,+47%,06cm1,YES,2026-08-31_15-10-08,,,0,0,0,0,0,0,0,0,0,0,0,0,0,0,0,0,0,0,0,0,0,0,0,0,0,0,0,0,0,0,0,0,0,0,0,0,0,0,0,0,0,NO,0,0,0,0,0,
*070hq*,Piero Hincapie,ARS,D,411,FA,@AVL Tue 5:00AM,0,0,67%,0%,070hq,YES,2026-08-31_15-10-08,,,0,0,0,0,0,0,0,0,0,0,0,0,0,0,0,0,0,0,0,0,0,0,0,0,0,0,0,0,0,0,0,0,0,0,0,0,0,0,0,0,0,NO,0,0,0,0,0,
*052ca*,Ezri Konsa,ARS,D,437,SZB,@AVL Tue 5:00AM,0,0,66%,+9%,052ca,YES,2026-08-31_15-10-08,,,0,0,0,0,0,0,0,0,0,0,0,0,0,0,0,0,0,0,0,0,0,0,0,0,0,0,0,0,0,0,0,0,0,0,0,0,0,0,0,0,0,NO,0,0,0,0,0,
*0558w*,William Saliba,ARS,D,542,FA,@AVL Tue 5:00AM,0,0,60%,+2%,0558w,YES,2026-08-31_15-10-08,,,0,0,0,0,0,0,0,0,0,0,0,0,0,0,0,0,0,0,0,0,0,0,0,0,0,0,0,0,0,0,0,0,0,0,0,0,0,0,0,0,0,NO,0,0,0,0,0,
*02m5b*,Chris Wood,NOT,F,600,Jrodlem6,NOT 2<br/>@LIV 2 F,0,0,58%,0%,02m5b,YES,2026-08-31_15-10-08,,,0,0,0,0,0,0,0,0,0,0,0,0,0,0,0,0,0,0,0,0,0,0,0,0,0,0,0,0,0,0,0,0,0,0,0,0,0,0,0,0,0,NO,0,0,0,0,0,
*06xza*,Eli Kroupi,BOU,"M,F",440,W <small>(Mon)</small>,EVE 1<br/>@BOU 1 F,0,0,51%,+1%,06xza,YES,2026-08-31_15-10-08,,,0,0,0,0,0,0,0,0,0,0,0,0,0,0,0,0,0,0,0,0,0,0,0,0,0,0,0,0,0,0,0,0,0,0,0,0,0,0,0,0,0,NO,0,0,0,0,0,
*05os4*,Rayan Ait-Nouri,MCI,D,275,FA,MCI 4<br/>@CRY 1 F,0,0,51%,0%,05os4,YES,2026-08-31_15-10-08,,,0,0,0,0,0,0,0,0,0,0,0,0,0,0,0,0,0,0,0,0,0,0,0,0,0,0,0,0,0,0,0,0,0,0,0,0,0,0,0,0,0,NO,0,0,0,0,0,
*060wh*,Alejandro Garnacho,AVL,"M,F",386,Jrodlem6,ARS Tue 5:00AM,0,0,45%,+1%,060wh,YES,2026-08-31_15-10-08,,,0,0,0,0,0,0,0,0,0,0,0,0,0,0,0,0,0,0,0,0,0,0,0,0,0,0,0,0,0,0,0,0,0,0,0,0,0,0,0,0,0,NO,0,0,0,0,0,
*06zbz*,Hugo Ekitike,LIV,F,369,W <small>(Mon)</small>,NOT 2<br/>@LIV 2 F,0,0,41%,+1%,06zbz,YES,2026-08-31_15-10-08,,,0,0,0,0,0,0,0,0,0,0,0,0,0,0,0,0,0,0,0,0,0,0,0,0,0,0,0,0,0,0,0,0,0,0,0,0,0,0,0,0,0,NO,0,0,0,0,0,
*061va*,Boubacar Kamara,AVL,M,431,FA,ARS Tue 5:00AM,0,0,40%,0%,061va,YES,2026-08-31_15-10-08,,,0,0,0,0,0,0,0,0,0,0,0,0,0,0,0,0,0,0,0,0,0,0,0,0,0,0,0,0,0,0,0,0,0,0,0,0,0,0,0,0,0,NO,0,0,0,0,0,
*0785d*,Bazoumana Toure,NEW,F,581,W <small>(Tue)</small>,NEW 2<br/>@TOT 0 F,0,0,37%,0%,0785d,YES,2026-08-31_15-10-08,,,0,0,0,0,0,0,0,0,0,0,0,0,0,0,0,0,0,0,0,0,0,0,0,0,0,0,0,0,0,0,0,0,0,0,0,0,0,0,0,0,0,NO,0,0,0,0,0,
*05ylx*,Dejan Kulusevski,TOT,M,442,W <small>(Tue)</small>,NEW 2<br/>@TOT 0 F,0,0,35%,+1%,05ylx,YES,2026-08-31_15-10-08,,,0,0,0,0,0,0,0,0,0,0,0,0,0,0,0,0,0,0,0,0,0,0,0,0,0,0,0,0,0,0,0,0,0,0,0,0,0,0,0,0,0,NO,0,0,0,0,0,
*076da*,Haji Wright,COV,F,603,W <small>(Mon)</small>,HUL 1<br/>@COV 0 F,0,0,34%,0%,076da,YES,2026-08-31_15-10-08,,,0,0,0,0,0,0,0,0,0,0,0,0,0,0,0,0,0,0,0,0,0,0,0,0,0,0,0,0,0,0,0,0,0,0,0,0,0,0,0,0,0,NO,0,0,0,0,0,
*05mzz*,Pascal Struijk,BHA,D,567,JTB_21,BHA 3<br/>@CHE 4 F,0,0,31%,0%,05mzz,YES,2026-08-31_15-10-08,,,0,0,0,0,0,0,0,0,0,0,0,0,0,0,0,0,0,0,0,0,0,0,0,0,0,0,0,0,0,0,0,0,0,0,0,0,0,0,0,0,0,NO,0,0,0,0,0,
*072mq*,Brian Madjo,AVL,F,454,FA,ARS Tue 5:00AM,0,0,31%,+2%,072mq,YES,2026-08-31_15-10-08,,,0,0,0,0,0,0,0,0,0,0,0,0,0,0,0,0,0,0,0,0,0,0,0,0,0,0,0,0,0,0,0,0,0,0,0,0,0,0,0,0,0,NO,0,0,0,0,0,
*0784o*,Oscar Mingueza,CRY,D,481,FA,MCI 4<br/>@CRY 1 F,0,0,29%,0%,0784o,YES,2026-08-31_15-10-08,,,0,0,0,0,0,0,0,0,0,0,0,0,0,0,0,0,0,0,0,0,0,0,0,0,0,0,0,0,0,0,0,0,0,0,0,0,0,0,0,0,0,NO,0,0,0,0,0,
*05ubv*,Omari Hutchinson,NOT,"M,F",419,W <small>(Mon)</small>,NOT 2<br/>@LIV 2 F,0,0,29%,0%,05ubv,YES,2026-08-31_15-10-08,,,0,0,0,0,0,0,0,0,0,0,0,0,0,0,0,0,0,0,0,0,0,0,0,0,0,0,0,0,0,0,0,0,0,0,0,0,0,0,0,0,0,NO,0,0,0,0,0,
*02lnx*,Danny Welbeck,CHE,F,594,W <small>(Tue)</small>,BHA 3<br/>@CHE 4 F,0,0,28%,0%,02lnx,YES,2026-08-31_15-10-08,,,0,0,0,0,0,0,0,0,0,0,0,0,0,0,0,0,0,0,0,0,0,0,0,0,0,0,0,0,0,0,0,0,0,0,0,0,0,0,0,0,0,NO,0,0,0,0,0,
*078j4*,Ousmane Diomande,NOT,D,354,W <small>(Mon)</small>,NOT 2<br/>@LIV 2 F,0,0,27%,0%,078j4,YES,2026-08-31_15-10-08,,,0,0,0,0,0,0,0,0,0,0,0,0,0,0,0,0,0,0,0,0,0,0,0,0,0,0,0,0,0,0,0,0,0,0,0,0,0,0,0,0,0,NO,0,0,0,0,0,
*061ya*,Brennan Johnson,EVE,"M,F",427,SZB,EVE 1<br/>@BOU 1 F,0,0,27%,+1%,061ya,YES,2026-08-31_15-10-08,,,0,0,0,0,0,0,0,0,0,0,0,0,0,0,0,0,0,0,0,0,0,0,0,0,0,0,0,0,0,0,0,0,0,0,0,0,0,0,0,0,0,NO,0,0,0,0,0,
*0792s*,Ayyoub Bouaddi,MCI,M,310,tsnwllms,MCI 4<br/>@CRY 1 F,0,0,27%,+27%,0792s,YES,2026-08-31_15-10-08,,,0,0,0,0,0,0,0,0,0,0,0,0,0,0,0,0,0,0,0,0,0,0,0,0,0,0,0,0,0,0,0,0,0,0,0,0,0,0,0,0,0,NO,0,0,0,0,0,
*04mi4*,Callum Hudson-Odoi,NOT,"M,F",415,W <small>(Mon)</small>,NOT 2<br/>@LIV 2 F,0,0,25%,0%,04mi4,YES,2026-08-31_15-10-08,,,0,0,0,0,0,0,0,0,0,0,0,0,0,0,0,0,0,0,0,0,0,0,0,0,0,0,0,0,0,0,0,0,0,0,0,0,0,0,0,0,0,NO,0,0,0,0,0,
*06fwi*,Carlos Baleba,MUN,M,296,W <small>(Wed)</small>,IPS 2<br/>@MUN 5 F,0,0,24%,+7%,06fwi,YES,2026-08-31_15-10-08,,,0,0,0,0,0,0,0,0,0,0,0,0,0,0,0,0,0,0,0,0,0,0,0,0,0,0,0,0,0,0,0,0,0,0,0,0,0,0,0,0,0,NO,0,0,0,0,0,
*0410j*,Tammy Abraham,AVL,F,269,FA,ARS Tue 5:00AM,0,0,23%,+3%,0410j,YES,2026-08-31_15-10-08,,,0,0,0,0,0,0,0,0,0,0,0,0,0,0,0,0,0,0,0,0,0,0,0,0,0,0,0,0,0,0,0,0,0,0,0,0,0,0,0,0,0,NO,0,0,0,0,0,
*04hk9*,Mikel Merino,ARS,"M,F",473,FA,@AVL Tue 5:00AM,0,0,23%,+1%,04hk9,YES,2026-08-31_15-10-08,,,0,0,0,0,0,0,0,0,0,0,0,0,0,0,0,0,0,0,0,0,0,0,0,0,0,0,0,0,0,0,0,0,0,0,0,0,0,0,0,0,0,NO,0,0,0,0,0,
*052h5*,Gabriel Martinelli,ARS,"M,F",458,FA,@AVL Tue 5:00AM,0,0,21%,0%,052h5,YES,2026-08-31_15-10-08,,,0,0,0,0,0,0,0,0,0,0,0,0,0,0,0,0,0,0,0,0,0,0,0,0,0,0,0,0,0,0,0,0,0,0,0,0,0,0,0,0,0,NO,0,0,0,0,0,
*078wl*,Zion Suzuki,AVL,G,569,FA,ARS Tue 5:00AM,0,0,20%,+5%,078wl,YES,2026-08-31_15-10-08,,,0,0,0,0,0,0,0,0,0,0,0,0,0,0,0,0,0,0,0,0,0,0,0,0,0,0,0,0,0,0,0,0,0,0,0,0,0,0,0,0,0,NO,0,0,0,0,0,
*07897*,Cesar Palacios,FUL,M,515,W <small>(Tue)</small>,FUL 0<br/>@SUN 1 F,0,0,20%,+1%,07897,YES,2026-08-31_15-10-08,,,0,0,0,0,0,0,0,0,0,0,0,0,0,0,0,0,0,0,0,0,0,0,0,0,0,0,0,0,0,0,0,0,0,0,0,0,0,0,0,0,0,NO,0,0,0,0,0,
*06y9z*,Martin Zubimendi,ARS,M,611,FA,@AVL Tue 5:00AM,0,0,20%,+1%,06y9z,YES,2026-08-31_15-10-08,,,0,0,0,0,0,0,0,0,0,0,0,0,0,0,0,0,0,0,0,0,0,0,0,0,0,0,0,0,0,0,0,0,0,0,0,0,0,0,0,0,0,NO,0,0,0,0,0,
*044ei*,Nick Pope,NEW,G,527,W <small>(Tue)</small>,NEW 2<br/>@TOT 0 F,0,0,17%,0%,044ei,YES,2026-08-31_15-10-08,,,0,0,0,0,0,0,0,0,0,0,0,0,0,0,0,0,0,0,0,0,0,0,0,0,0,0,0,0,0,0,0,0,0,0,0,0,0,0,0,0,0,NO,0,0,0,0,0,
*078wj*,Promise David,BHA,F,344,200cm,BHA 3<br/>@CHE 4 F,0,0,16%,+2%,078wj,YES,2026-08-31_15-10-08,,,0,0,0,0,0,0,0,0,0,0,0,0,0,0,0,0,0,0,0,0,0,0,0,0,0,0,0,0,0,0,0,0,0,0,0,0,0,0,0,0,0,NO,0,0,0,0,0,
*062oh*,Jake O'Brien,EVE,D,503,W <small>(Mon)</small>,EVE 1<br/>@BOU 1 F,0,0,15%,0%,062oh,YES,2026-08-31_15-10-08,,,0,0,0,0,0,0,0,0,0,0,0,0,0,0,0,0,0,0,0,0,0,0,0,0,0,0,0,0,0,0,0,0,0,0,0,0,0,0,0,0,0,NO,0,0,0,0,0,
*051k3*,Jacob Ramsey,NEW,M,531,W <small>(Tue)</small>,NEW 2<br/>@TOT 0 F,0,0,15%,0%,051k3,YES,2026-08-31_15-10-08,,,0,0,0,0,0,0,0,0,0,0,0,0,0,0,0,0,0,0,0,0,0,0,0,0,0,0,0,0,0,0,0,0,0,0,0,0,0,0,0,0,0,NO,0,0,0,0,0,
*05rff*,Jaden Philogene,IPS,"M,F",522,W <small>(Wed)</small>,IPS 2<br/>@MUN 5 F,0,0,15%,0%,05rff,YES,2026-08-31_15-10-08,,,0,0,0,0,0,0,0,0,0,0,0,0,0,0,0,0,0,0,0,0,0,0,0,0,0,0,0,0,0,0,0,0,0,0,0,0,0,0,0,0,0,NO,0,0,0,0,0,
*02lsa*,Dan Burn,NEW,D,316,W <small>(Tue)</small>,NEW 2<br/>@TOT 0 F,0,0,15%,0%,02lsa,YES,2026-08-31_15-10-08,,,0,0,0,0,0,0,0,0,0,0,0,0,0,0,0,0,0,0,0,0,0,0,0,0,0,0,0,0,0,0,0,0,0,0,0,0,0,0,0,0,0,NO,0,0,0,0,0,
*05s08*,Valentino Livramento,NEW,D,450,W <small>(Tue)</small>,NEW 2<br/>@TOT 0 F,0,0,15%,+1%,05s08,YES,2026-08-31_15-10-08,,,0,0,0,0,0,0,0,0,0,0,0,0,0,0,0,0,0,0,0,0,0,0,0,0,0,0,0,0,0,0,0,0,0,0,0,0,0,0,0,0,0,NO,0,0,0,0,0,
*0554i*,Joelinton,NEW,M,283,W <small>(Tue)</small>,NEW 2<br/>@TOT 0 F,0,0,12%,0%,0554i,YES,2026-08-31_15-10-08,,,0,0,0,0,0,0,0,0,0,0,0,0,0,0,0,0,0,0,0,0,0,0,0,0,0,0,0,0,0,0,0,0,0,0,0,0,0,0,0,0,0,NO,0,0,0,0,0,
*05220*,Sepp van den Berg,BRF,D,621,W <small>(Tue)</small>,BRF 1<br/>@LEE 1 F,0,0,12%,+1%,05220,YES,2026-08-31_15-10-08,,,0,0,0,0,0,0,0,0,0,0,0,0,0,0,0,0,0,0,0,0,0,0,0,0,0,0,0,0,0,0,0,0,0,0,0,0,0,0,0,0,0,NO,0,0,0,0,0,
*06fg0*,Gustavo Hamer,COV,M,404,W <small>(Mon)</small>,HUL 1<br/>@COV 0 F,0,0,12%,+1%,06fg0,YES,2026-08-31_15-10-08,,,0,0,0,0,0,0,0,0,0,0,0,0,0,0,0,0,0,0,0,0,0,0,0,0,0,0,0,0,0,0,0,0,0,0,0,0,0,0,0,0,0,NO,0,0,0,0,0,
*076kf*,Geovany Quenda,CHE,M,577,W <small>(Tue)</small>,BHA 3<br/>@CHE 4 F,0,0,10%,0%,076kf,YES,2026-08-31_15-10-08,,,0,0,0,0,0,0,0,0,0,0,0,0,0,0,0,0,0,0,0,0,0,0,0,0,0,0,0,0,0,0,0,0,0,0,0,0,0,0,0,0,0,NO,0,0,0,0,0,
*06zbp*,Max Dowman,ARS,M,363,FA,@AVL Tue 5:00AM,0,0,10%,0%,06zbp,YES,2026-08-31_15-10-08,,,0,0,0,0,0,0,0,0,0,0,0,0,0,0,0,0,0,0,0,0,0,0,0,0,0,0,0,0,0,0,0,0,0,0,0,0,0,0,0,0,0,NO,0,0,0,0,0,
*078le*,Pep Chavarria,CHE,D,331,W <small>(Tue)</small>,BHA 3<br/>@CHE 4 F,0,0,10%,0%,078le,YES,2026-08-31_15-10-08,,,0,0,0,0,0,0,0,0,0,0,0,0,0,0,0,0,0,0,0,0,0,0,0,0,0,0,0,0,0,0,0,0,0,0,0,0,0,0,0,0,0,NO,0,0,0,0,0,
*05oeh*,Kenny Tete,FUL,D,578,W <small>(Tue)</small>,FUL 0<br/>@SUN 1 F,0,0,10%,0%,05oeh,YES,2026-08-31_15-10-08,,,0,0,0,0,0,0,0,0,0,0,0,0,0,0,0,0,0,0,0,0,0,0,0,0,0,0,0,0,0,0,0,0,0,0,0,0,0,0,0,0,0,NO,0,0,0,0,0,
*05tr8*,Christian Norgaard,EVE,M,496,W <small>(Mon)</small>,EVE 1<br/>@BOU 1 F,0,0,9%,+1%,05tr8,YES,2026-08-31_15-10-08,,,0,0,0,0,0,0,0,0,0,0,0,0,0,0,0,0,0,0,0,0,0,0,0,0,0,0,0,0,0,0,0,0,0,0,0,0,0,0,0,0,0,NO,0,0,0,0,0,
*04u41*,Mateo Kovacic,MCI,M,439,FA,MCI 4<br/>@CRY 1 F,0,0,9%,0%,04u41,YES,2026-08-31_15-10-08,,,0,0,0,0,0,0,0,0,0,0,0,0,0,0,0,0,0,0,0,0,0,0,0,0,0,0,0,0,0,0,0,0,0,0,0,0,0,0,0,0,0,NO,0,0,0,0,0,
*0327r*,Michael Keane,EVE,D,432,W <small>(Mon)</small>,EVE 1<br/>@BOU 1 F,0,0,8%,0%,0327r,YES,2026-08-31_15-10-08,,,0,0,0,0,0,0,0,0,0,0,0,0,0,0,0,0,0,0,0,0,0,0,0,0,0,0,0,0,0,0,0,0,0,0,0,0,0,0,0,0,0,NO,0,0,0,0,0,
*068a1*,Mykhailo Mudryk,CHE,M,489,W <small>(Tue)</small>,BHA 3<br/>@CHE 4 F,0,0,8%,0%,068a1,YES,2026-08-31_15-10-08,,,0,0,0,0,0,0,0,0,0,0,0,0,0,0,0,0,0,0,0,0,0,0,0,0,0,0,0,0,0,0,0,0,0,0,0,0,0,0,0,0,0,NO,0,0,0,0,0,
*0792z*,Leon Goretzka,AVL,M,393,Squirtz,ARS Tue 5:00AM,0,0,7%,+7%,0792z,YES,2026-08-31_15-10-08,,,0,0,0,0,0,0,0,0,0,0,0,0,0,0,0,0,0,0,0,0,0,0,0,0,0,0,0,0,0,0,0,0,0,0,0,0,0,0,0,0,0,NO,0,0,0,0,0,
*076d9*,Ephron Mason-Clark,COV,"M,F",459,W <small>(Mon)</small>,HUL 1<br/>@COV 0 F,0,0,7%,+2%,076d9,YES,2026-08-31_15-10-08,,,0,0,0,0,0,0,0,0,0,0,0,0,0,0,0,0,0,0,0,0,0,0,0,0,0,0,0,0,0,0,0,0,0,0,0,0,0,0,0,0,0,NO,0,0,0,0,0,
*06j20*,Valentin Barco,CHE,"D,M",298,W <small>(Tue)</small>,BHA 3<br/>@CHE 4 F,0,0,7%,+1%,06j20,YES,2026-08-31_15-10-08,,,0,0,0,0,0,0,0,0,0,0,0,0,0,0,0,0,0,0,0,0,0,0,0,0,0,0,0,0,0,0,0,0,0,0,0,0,0,0,0,0,0,NO,0,0,0,0,0,
*070fa*,Xavi Simons,TOT,"M,F",559,W <small>(Tue)</small>,NEW 2<br/>@TOT 0 F,0,0,7%,0%,070fa,YES,2026-08-31_15-10-08,,,0,0,0,0,0,0,0,0,0,0,0,0,0,0,0,0,0,0,0,0,0,0,0,0,0,0,0,0,0,0,0,0,0,0,0,0,0,0,0,0,0,NO,0,0,0,0,0,
*07859*,Aladji Bamba,NEW,M,297,W <small>(Tue)</small>,NEW 2<br/>@TOT 0 F,0,0,6%,0%,07859,YES,2026-08-31_15-10-08,,,0,0,0,0,0,0,0,0,0,0,0,0,0,0,0,0,0,0,0,0,0,0,0,0,0,0,0,0,0,0,0,0,0,0,0,0,0,0,0,0,0,NO,0,0,0,0,0,
*06crm*,Pau Torres,AVL,D,580,FA,ARS Tue 5:00AM,0,0,6%,0%,06crm,YES,2026-08-31_15-10-08,,,0,0,0,0,0,0,0,0,0,0,0,0,0,0,0,0,0,0,0,0,0,0,0,0,0,0,0,0,0,0,0,0,0,0,0,0,0,0,0,0,0,NO,0,0,0,0,0,
*063y7*,Destiny Udogie,TOT,D,586,W <small>(Tue)</small>,NEW 2<br/>@TOT 0 F,0,0,6%,0%,063y7,YES,2026-08-31_15-10-08,,,0,0,0,0,0,0,0,0,0,0,0,0,0,0,0,0,0,0,0,0,0,0,0,0,0,0,0,0,0,0,0,0,0,0,0,0,0,0,0,0,0,NO,0,0,0,0,0,
*06ymu*,El Hadji Malick Diouf,BRF,"D,M",355,TA,BRF 1<br/>@LEE 1 F,0,0,6%,+5%,06ymu,YES,2026-08-31_15-10-08,,,,,,,,,,,,,,,,,,,,,,,,,,,,,,,,,,,,,,,,,,,,,,,,,0,
*0785a*,Sean Steur,NEW,M,566,W <small>(Tue)</small>,NEW 2<br/>@TOT 0 F,0,0,5%,0%,0785a,YES,2026-08-31_15-10-08,,,0,0,0,0,0,0,0,0,0,0,0,0,0,0,0,0,0,0,0,0,0,0,0,0,0,0,0,0,0,0,0,0,0,0,0,0,0,0,0,0,0,NO,0,0,0,0,0,
*07849*,Alvaro Rodriguez,BOU,F,538,W <small>(Mon)</small>,EVE 1<br/>@BOU 1 F,0,0,5%,0%,07849,YES,2026-08-31_15-10-08,,,0,0,0,0,0,0,0,0,0,0,0,0,0,0,0,0,0,0,0,0,0,0,0,0,0,0,0,0,0,0,0,0,0,0,0,0,0,0,0,0,0,NO,0,0,0,0,0,
*06p4k*,Matthijs de Ligt,MUN,D,616,W <small>(Wed)</small>,IPS 2<br/>@MUN 5 F,0,0,5%,+1%,06p4k,YES,2026-08-31_15-10-08,,,0,0,0,0,0,0,0,0,0,0,0,0,0,0,0,0,0,0,0,0,0,0,0,0,0,0,0,0,0,0,0,0,0,0,0,0,0,0,0,0,0,NO,0,0,0,0,0,
*06ybq*,Chemsdine Talbi,SUN,"M,F",573,W <small>(Tue)</small>,FUL 0<br/>@SUN 1 F,0,0,4%,0%,06ybq,YES,2026-08-31_15-10-08,,,0,0,0,0,0,0,0,0,0,0,0,0,0,0,0,0,0,0,0,0,0,0,0,0,0,0,0,0,0,0,0,0,0,0,0,0,0,0,0,0,0,NO,0,0,0,0,0,
*076cz*,Liam Kitching,COV,D,436,W <small>(Mon)</small>,HUL 1<br/>@COV 0 F,0,0,4%,0%,076cz,YES,2026-08-31_15-10-08,,,0,0,0,0,0,0,0,0,0,0,0,0,0,0,0,0,0,0,0,0,0,0,0,0,0,0,0,0,0,0,0,0,0,0,0,0,0,0,0,0,0,NO,0,0,0,0,0,
*078wm*,Matteo Ruggeri,AVL,D,540,FA,ARS Tue 5:00AM,0,0,4%,0%,078wm,YES,2026-08-31_15-10-08,,,0,0,0,0,0,0,0,0,0,0,0,0,0,0,0,0,0,0,0,0,0,0,0,0,0,0,0,0,0,0,0,0,0,0,0,0,0,0,0,0,0,NO,0,0,0,0,0,
*04adp*,Aaron Wan-Bissaka,AVL,"D,M",591,FA,ARS Tue 5:00AM,0,0,4%,+3%,04adp,YES,2026-08-31_15-10-08,,,0,0,0,0,0,0,0,0,0,0,0,0,0,0,0,0,0,0,0,0,0,0,0,0,0,0,0,0,0,0,0,0,0,0,0,0,0,0,0,0,0,NO,0,0,0,0,0,
*06xzg*,Giorgi Mamardashvili,LIV,G,456,W <small>(Mon)</small>,NOT 2<br/>@LIV 2 F,0,0,4%,0%,06xzg,YES,2026-08-31_15-10-08,,,0,0,0,0,0,0,0,0,0,0,0,0,0,0,0,0,0,0,0,0,0,0,0,0,0,0,0,0,0,0,0,0,0,0,0,0,0,0,0,0,0,NO,0,0,0,0,0,
*052cd*,Mason Mount,MUN,"M,F",488,W <small>(Wed)</small>,IPS 2<br/>@MUN 5 F,0,0,4%,0%,052cd,YES,2026-08-31_15-10-08,,,0,0,0,0,0,0,0,0,0,0,0,0,0,0,0,0,0,0,0,0,0,0,0,0,0,0,0,0,0,0,0,0,0,0,0,0,0,0,0,0,0,NO,0,0,0,0,0,
*078ei*,Juanlu Sanchez,BOU,M,571,W <small>(Mon)</small>,EVE 1<br/>@BOU 1 F,0,0,3%,0%,078ei,YES,2026-08-31_15-10-08,,,0,0,0,0,0,0,0,0,0,0,0,0,0,0,0,0,0,0,0,0,0,0,0,0,0,0,0,0,0,0,0,0,0,0,0,0,0,0,0,0,0,NO,0,0,0,0,0,
*05ylw*,Rodrigo Bentancur,TOT,M,300,W <small>(Tue)</small>,NEW 2<br/>@TOT 0 F,0,0,3%,+1%,05ylw,YES,2026-08-31_15-10-08,,,0,0,0,0,0,0,0,0,0,0,0,0,0,0,0,0,0,0,0,0,0,0,0,0,0,0,0,0,0,0,0,0,0,0,0,0,0,0,0,0,0,NO,0,0,0,0,0,2026-08-31_05-18-29
*05uhj*,Conor Bradley,LIV,D,311,W <small>(Mon)</small>,NOT 2<br/>@LIV 2 F,0,0,3%,0%,05uhj,YES,2026-08-31_15-10-08,,,0,0,0,0,0,0,0,0,0,0,0,0,0,0,0,0,0,0,0,0,0,0,0,0,0,0,0,0,0,0,0,0,0,0,0,0,0,0,0,0,0,NO,0,0,0,0,0,
*06yb7*,Gabriel Gudmundsson,LEE,"D,M",398,W <small>(Tue)</small>,BRF 1<br/>@LEE 1 F,0,0,3%,0%,06yb7,YES,2026-08-31_15-10-08,,,0,0,0,0,0,0,0,0,0,0,0,0,0,0,0,0,0,0,0,0,0,0,0,0,0,0,0,0,0,0,0,0,0,0,0,0,0,0,0,0,0,NO,0,0,0,0,0,
*06195*,Tyler Dibling,EVE,"M,F",353,W <small>(Mon)</small>,EVE 1<br/>@BOU 1 F,0,0,3%,0%,06195,YES,2026-08-31_15-10-08,,,0,0,0,0,0,0,0,0,0,0,0,0,0,0,0,0,0,0,0,0,0,0,0,0,0,0,0,0,0,0,0,0,0,0,0,0,0,0,0,0,0,NO,0,0,0,0,0,
*045c8*,Gabriel Jesus,ARS,F,615,FA,@AVL Tue 5:00AM,0,0,3%,0%,045c8,YES,2026-08-31_15-10-08,,,0,0,0,0,0,0,0,0,0,0,0,0,0,0,0,0,0,0,0,0,0,0,0,0,0,0,0,0,0,0,0,0,0,0,0,0,0,0,0,0,0,NO,0,0,0,0,0,
*065ao*,Ethan Nwaneri,ARS,M,500,FA,@AVL Tue 5:00AM,0,0,3%,0%,065ao,YES,2026-08-31_15-10-08,,,0,0,0,0,0,0,0,0,0,0,0,0,0,0,0,0,0,0,0,0,0,0,0,0,0,0,0,0,0,0,0,0,0,0,0,0,0,0,0,0,0,NO,0,0,0,0,0,
*05uhq*,Shea Charles,FUL,M,330,W <small>(Tue)</small>,FUL 0<br/>@SUN 1 F,0,0,3%,0%,05uhq,YES,2026-08-31_15-10-08,,,0,0,0,0,0,0,0,0,0,0,0,0,0,0,0,0,0,0,0,0,0,0,0,0,0,0,0,0,0,0,0,0,0,0,0,0,0,0,0,0,0,NO,0,0,0,0,0,
*04tig*,Fabian Schar,NEW,D,549,W <small>(Tue)</small>,NEW 2<br/>@TOT 0 F,0,0,3%,0%,04tig,YES,2026-08-31_15-10-08,,,0,0,0,0,0,0,0,0,0,0,0,0,0,0,0,0,0,0,0,0,0,0,0,0,0,0,0,0,0,0,0,0,0,0,0,0,0,0,0,0,0,NO,0,0,0,0,0,
*076kg*,Emmanuel Emegha,CHE,F,373,W <small>(Tue)</small>,BHA 3<br/>@CHE 4 F,0,0,3%,0%,076kg,YES,2026-08-31_15-10-08,,,0,0,0,0,0,0,0,0,0,0,0,0,0,0,0,0,0,0,0,0,0,0,0,0,0,0,0,0,0,0,0,0,0,0,0,0,0,0,0,0,0,NO,0,0,0,0,0,
*032aa*,Jack Butland,HUL,G,318,W <small>(Mon)</small>,HUL 1<br/>@COV 0 F,0,0,3%,0%,032aa,YES,2026-08-31_15-10-08,,,0,0,0,0,0,0,0,0,0,0,0,0,0,0,0,0,0,0,0,0,0,0,0,0,0,0,0,0,0,0,0,0,0,0,0,0,0,0,0,0,0,NO,0,0,0,0,0,
*06y9n*,Jamie Gittens,CHE,"M,F",390,W <small>(Tue)</small>,BHA 3<br/>@CHE 4 F,0,0,2%,0%,06y9n,YES,2026-08-31_15-10-08,,,0,0,0,0,0,0,0,0,0,0,0,0,0,0,0,0,0,0,0,0,0,0,0,0,0,0,0,0,0,0,0,0,0,0,0,0,0,0,0,0,0,NO,0,0,0,0,0,
*03r8x*,Callum Wilson,BRF,F,598,W <small>(Tue)</small>,BRF 1<br/>@LEE 1 F,0,0,2%,0%,03r8x,YES,2026-08-31_15-10-08,,,0,0,0,0,0,0,0,0,0,0,0,0,0,0,0,0,0,0,0,0,0,0,0,0,0,0,0,0,0,0,0,0,0,0,0,0,0,0,0,0,0,NO,0,0,0,0,0,
*04u40*,Kepa,ARS,G,285,FA,@AVL Tue 5:00AM,0,0,2%,0%,04u40,YES,2026-08-31_15-10-08,,,0,0,0,0,0,0,0,0,0,0,0,0,0,0,0,0,0,0,0,0,0,0,0,0,0,0,0,0,0,0,0,0,0,0,0,0,0,0,0,0,0,NO,0,0,0,0,0,
*04qfq*,Matt O'Riley,BHA,M,505,W <small>(Tue)</small>,BHA 3<br/>@CHE 4 F,0,0,2%,+1%,04qfq,YES,2026-08-31_15-10-08,,,0,0,0,0,0,0,0,0,0,0,0,0,0,0,0,0,0,0,0,0,0,0,0,0,0,0,0,0,0,0,0,0,0,0,0,0,0,0,0,0,0,NO,0,0,0,0,0,
*066nn*,Ben Doak,BOU,"M,F",357,W <small>(Mon)</small>,EVE 1<br/>@BOU 1 F,0,0,2%,0%,066nn,YES,2026-08-31_15-10-08,,,0,0,0,0,0,0,0,0,0,0,0,0,0,0,0,0,0,0,0,0,0,0,0,0,0,0,0,0,0,0,0,0,0,0,0,0,0,0,0,0,0,NO,0,0,0,0,0,
*04ym7*,Lucas Perri,LEE,G,520,W <small>(Tue)</small>,BRF 1<br/>@LEE 1 F,0,0,2%,0%,04ym7,YES,2026-08-31_15-10-08,,,0,0,0,0,0,0,0,0,0,0,0,0,0,0,0,0,0,0,0,0,0,0,0,0,0,0,0,0,0,0,0,0,0,0,0,0,0,0,0,0,0,NO,0,0,0,0,0,
*05w7t*,Pape Sarr,TOT,M,545,W <small>(Tue)</small>,NEW 2<br/>@TOT 0 F,0,0,2%,0%,05w7t,YES,2026-08-31_15-10-08,,,0,0,0,0,0,0,0,0,0,0,0,0,0,0,0,0,0,0,0,0,0,0,0,0,0,0,0,0,0,0,0,0,0,0,0,0,0,0,0,0,0,NO,0,0,0,0,0,
*06mve*,Joshua Zirkzee,MUN,F,610,W <small>(Wed)</small>,IPS 2<br/>@MUN 5 F,0,0,2%,0%,06mve,YES,2026-08-31_15-10-08,,,0,0,0,0,0,0,0,0,0,0,0,0,0,0,0,0,0,0,0,0,0,0,0,0,0,0,0,0,0,0,0,0,0,0,0,0,0,0,0,0,0,NO,0,0,0,0,0,
*06phw*,Federico Chiesa,LIV,F,333,W <small>(Mon)</small>,NOT 2<br/>@LIV 2 F,0,0,2%,0%,06phw,YES,2026-08-31_15-10-08,,,0,0,0,0,0,0,0,0,0,0,0,0,0,0,0,0,0,0,0,0,0,0,0,0,0,0,0,0,0,0,0,0,0,0,0,0,0,0,0,0,0,NO,0,0,0,0,0,
*06uzt*,Mike Penders,CHE,G,519,W <small>(Tue)</small>,BHA 3<br/>@CHE 4 F,0,0,2%,0%,06uzt,YES,2026-08-31_15-10-08,,,0,0,0,0,0,0,0,0,0,0,0,0,0,0,0,0,0,0,0,0,0,0,0,0,0,0,0,0,0,0,0,0,0,0,0,0,0,0,0,0,0,NO,0,0,0,0,0,
*06xzc*,Stefanos Tzimas,BHA,F,584,W <small>(Tue)</small>,BHA 3<br/>@CHE 4 F,0,0,2%,0%,06xzc,YES,2026-08-31_15-10-08,,,0,0,0,0,0,0,0,0,0,0,0,0,0,0,0,0,0,0,0,0,0,0,0,0,0,0,0,0,0,0,0,0,0,0,0,0,0,0,0,0,0,NO,0,0,0,0,0,
*070ha*,Florentino,IPS,M,487,W <small>(Wed)</small>,IPS 2<br/>@MUN 5 F,0,0,2%,0%,070ha,YES,2026-08-31_15-10-08,,,0,0,0,0,0,0,0,0,0,0,0,0,0,0,0,0,0,0,0,0,0,0,0,0,0,0,0,0,0,0,0,0,0,0,0,0,0,0,0,0,0,NO,0,0,0,0,0,
*06hze*,Treymaurice Nyoni,LIV,M,502,W <small>(Mon)</small>,NOT 2<br/>@LIV 2 F,0,0,2%,0%,06hze,YES,2026-08-31_15-10-08,,,0,0,0,0,0,0,0,0,0,0,0,0,0,0,0,0,0,0,0,0,0,0,0,0,0,0,0,0,0,0,0,0,0,0,0,0,0,0,0,0,0,NO,0,0,0,0,0,
*06fy7*,Nicolas Dominguez,NOT,M,359,W <small>(Mon)</small>,NOT 2<br/>@LIV 2 F,0,0,2%,0%,06fy7,YES,2026-08-31_15-10-08,,,0,0,0,0,0,0,0,0,0,0,0,0,0,0,0,0,0,0,0,0,0,0,0,0,0,0,0,0,0,0,0,0,0,0,0,0,0,0,0,0,0,NO,0,0,0,0,0,
*0701y*,Giovanni Leoni,LIV,D,447,W <small>(Mon)</small>,NOT 2<br/>@LIV 2 F,0,0,2%,0%,0701y,YES,2026-08-31_15-10-08,,,0,0,0,0,0,0,0,0,0,0,0,0,0,0,0,0,0,0,0,0,0,0,0,0,0,0,0,0,0,0,0,0,0,0,0,0,0,0,0,0,0,NO,0,0,0,0,0,
*076ke*,Zadok Yohanna,BHA,F,606,W <small>(Tue)</small>,BHA 3<br/>@CHE 4 F,0,0,2%,0%,076ke,YES,2026-08-31_15-10-08,,,0,0,0,0,0,0,0,0,0,0,0,0,0,0,0,0,0,0,0,0,0,0,0,0,0,0,0,0,0,0,0,0,0,0,0,0,0,0,0,0,0,NO,0,0,0,0,0,
*04mr4*,Martin Dubravka,TOT,G,365,W <small>(Tue)</small>,NEW 2<br/>@TOT 0 F,0,0,2%,0%,04mr4,YES,2026-08-31_15-10-08,,,0,0,0,0,0,0,0,0,0,0,0,0,0,0,0,0,0,0,0,0,0,0,0,0,0,0,0,0,0,0,0,0,0,0,0,0,0,0,0,0,0,NO,0,0,0,0,0,
*04ug0*,Sean Longstaff,LEE,M,451,W <small>(Tue)</small>,BRF 1<br/>@LEE 1 F,0,0,2%,0%,04ug0,YES,2026-08-31_15-10-08,,,0,0,0,0,0,0,0,0,0,0,0,0,0,0,0,0,0,0,0,0,0,0,0,0,0,0,0,0,0,0,0,0,0,0,0,0,0,0,0,0,0,NO,0,0,0,0,0,
*05vyj*,Evan Ferguson,BHA,F,376,W <small>(Tue)</small>,BHA 3<br/>@CHE 4 F,0,0,2%,0%,05vyj,YES,2026-08-31_15-10-08,,,0,0,0,0,0,0,0,0,0,0,0,0,0,0,0,0,0,0,0,0,0,0,0,0,0,0,0,0,0,0,0,0,0,0,0,0,0,0,0,0,0,NO,0,0,0,0,0,
*0700u*,Bafode Diakite,BOU,D,351,W <small>(Mon)</small>,EVE 1<br/>@BOU 1 F,0,0,2%,0%,0700u,YES,2026-08-31_15-10-08,,,0,0,0,0,0,0,0,0,0,0,0,0,0,0,0,0,0,0,0,0,0,0,0,0,0,0,0,0,0,0,0,0,0,0,0,0,0,0,0,0,0,NO,0,0,0,0,0,
*06v0m*,Luke O'Nien,SUN,"D,M",504,W <small>(Tue)</small>,FUL 0<br/>@SUN 1 F,0,0,2%,0%,06v0m,YES,2026-08-31_15-10-08,,,0,0,0,0,0,0,0,0,0,0,0,0,0,0,0,0,0,0,0,0,0,0,0,0,0,0,0,0,0,0,0,0,0,0,0,0,0,0,0,0,0,NO,0,0,0,0,0,
*06fhy*,Wilson Odobert,TOT,"M,F",506,W <small>(Tue)</small>,NEW 2<br/>@TOT 0 F,0,0,2%,0%,06fhy,YES,2026-08-31_15-10-08,,,0,0,0,0,0,0,0,0,0,0,0,0,0,0,0,0,0,0,0,0,0,0,0,0,0,0,0,0,0,0,0,0,0,0,0,0,0,0,0,0,0,NO,0,0,0,0,0,
*063hu*,Amadou Onana,AVL,M,510,FA,ARS Tue 5:00AM,0,0,2%,0%,063hu,YES,2026-08-31_15-10-08,,,0,0,0,0,0,0,0,0,0,0,0,0,0,0,0,0,0,0,0,0,0,0,0,0,0,0,0,0,0,0,0,0,0,0,0,0,0,0,0,0,0,NO,0,0,0,0,0,
*070ci*,Amine Adli,BOU,"M,F",273,W <small>(Mon)</small>,EVE 1<br/>@BOU 1 F,0,0,2%,0%,070ci,YES,2026-08-31_15-10-08,,,0,0,0,0,0,0,0,0,0,0,0,0,0,0,0,0,0,0,0,0,0,0,0,0,0,0,0,0,0,0,0,0,0,0,0,0,0,0,0,0,0,NO,0,0,0,0,0,
*03pif*,Karl Darlow,MUN,G,342,W <small>(Wed)</small>,IPS 2<br/>@MUN 5 F,0,0,2%,0%,03pif,YES,2026-08-31_15-10-08,,,0,0,0,0,0,0,0,0,0,0,0,0,0,0,0,0,0,0,0,0,0,0,0,0,0,0,0,0,0,0,0,0,0,0,0,0,0,0,0,0,0,NO,0,0,0,0,0,
*06v0c*,Shea Lacey,MUN,F,444,W <small>(Wed)</small>,IPS 2<br/>@MUN 5 F,0,0,2%,0%,06v0c,YES,2026-08-31_15-10-08,,,0,0,0,0,0,0,0,0,0,0,0,0,0,0,0,0,0,0,0,0,0,0,0,0,0,0,0,0,0,0,0,0,0,0,0,0,0,0,0,0,0,NO,0,0,0,0,0,
*03rec*,Tyrone Mings,AVL,D,480,FA,ARS Tue 5:00AM,0,0,1%,0%,03rec,YES,2026-08-31_15-10-08,,,0,0,0,0,0,0,0,0,0,0,0,0,0,0,0,0,0,0,0,0,0,0,0,0,0,0,0,0,0,0,0,0,0,0,0,0,0,0,0,0,0,NO,0,0,0,0,0,
*04fjz*,Christian Walton,IPS,G,590,W <small>(Wed)</small>,IPS 2<br/>@MUN 5 F,0,0,1%,0%,04fjz,YES,2026-08-31_15-10-08,,,0,0,0,0,0,0,0,0,0,0,0,0,0,0,0,0,0,0,0,0,0,0,0,0,0,0,0,0,0,0,0,0,0,0,0,0,0,0,0,0,0,NO,0,0,0,0,0,
*04xjr*,Harvey Elliott,LIV,M,372,W <small>(Mon)</small>,NOT 2<br/>@LIV 2 F,0,0,1%,0%,04xjr,YES,2026-08-31_15-10-08,,,0,0,0,0,0,0,0,0,0,0,0,0,0,0,0,0,0,0,0,0,0,0,0,0,0,0,0,0,0,0,0,0,0,0,0,0,0,0,0,0,0,NO,0,0,0,0,0,
*02lk5*,Jordan Henderson,CHE,M,409,W <small>(Tue)</small>,BHA 3<br/>@CHE 4 F,0,0,1%,0%,02lk5,YES,2026-08-31_15-10-08,,,0,0,0,0,0,0,0,0,0,0,0,0,0,0,0,0,0,0,0,0,0,0,0,0,0,0,0,0,0,0,0,0,0,0,0,0,0,0,0,0,0,NO,0,0,0,0,0,
*076dh*,Charlie Hughes,HUL,D,416,W <small>(Mon)</small>,HUL 1<br/>@COV 0 F,0,0,1%,0%,076dh,YES,2026-08-31_15-10-08,,,0,0,0,0,0,0,0,0,0,0,0,0,0,0,0,0,0,0,0,0,0,0,0,0,0,0,0,0,0,0,0,0,0,0,0,0,0,0,0,0,0,NO,0,0,0,0,0,
*04o82*,Curtis Jones,LIV,"D,M",429,W <small>(Mon)</small>,NOT 2<br/>@LIV 2 F,0,0,1%,0%,04o82,YES,2026-08-31_15-10-08,,,0,0,0,0,0,0,0,0,0,0,0,0,0,0,0,0,0,0,0,0,0,0,0,0,0,0,0,0,0,0,0,0,0,0,0,0,0,0,0,0,0,NO,0,0,0,0,0,
*061ve*,Ryan Christie,BOU,M,335,W <small>(Mon)</small>,EVE 1<br/>@BOU 1 F,0,0,1%,0%,061ve,YES,2026-08-31_15-10-08,,,0,0,0,0,0,0,0,0,0,0,0,0,0,0,0,0,0,0,0,0,0,0,0,0,0,0,0,0,0,0,0,0,0,0,0,0,0,0,0,0,0,NO,0,0,0,0,0,
*05n3u*,Joe Gelhardt,HUL,F,388,W <small>(Mon)</small>,HUL 1<br/>@COV 0 F,0,0,1%,0%,05n3u,YES,2026-08-31_15-10-08,,,0,0,0,0,0,0,0,0,0,0,0,0,0,0,0,0,0,0,0,0,0,0,0,0,0,0,0,0,0,0,0,0,0,0,0,0,0,0,0,0,0,NO,0,0,0,0,0,
*078wn*,Sidiki Cherif,COV,F,332,W <small>(Mon)</small>,HUL 1<br/>@COV 0 F,0,0,1%,0%,078wn,YES,2026-08-31_15-10-08,,,0,0,0,0,0,0,0,0,0,0,0,0,0,0,0,0,0,0,0,0,0,0,0,0,0,0,0,0,0,0,0,0,0,0,0,0,0,0,0,0,0,NO,0,0,0,0,0,
*05uns*,Leon Bailey,AVL,"M,F",292,FA,ARS Tue 5:00AM,0,0,1%,0%,05uns,YES,2026-08-31_15-10-08,,,0,0,0,0,0,0,0,0,0,0,0,0,0,0,0,0,0,0,0,0,0,0,0,0,0,0,0,0,0,0,0,0,0,0,0,0,0,0,0,0,0,NO,0,0,0,0,0,
*06v0l*,Chris Rigg,SUN,M,535,W <small>(Tue)</small>,FUL 0<br/>@SUN 1 F,0,0,1%,0%,06v0l,YES,2026-08-31_15-10-08,,,0,0,0,0,0,0,0,0,0,0,0,0,0,0,0,0,0,0,0,0,0,0,0,0,0,0,0,0,0,0,0,0,0,0,0,0,0,0,0,0,0,NO,0,0,0,0,0,
*03r93*,Joseph Gomez,LIV,D,392,W <small>(Mon)</small>,NOT 2<br/>@LIV 2 F,0,0,1%,0%,03r93,YES,2026-08-31_15-10-08,,,0,0,0,0,0,0,0,0,0,0,0,0,0,0,0,0,0,0,0,0,0,0,0,0,0,0,0,0,0,0,0,0,0,0,0,0,0,0,0,0,0,NO,0,0,0,0,0,
*06ew2*,Axel Disasi,CRY,D,356,FA,MCI 4<br/>@CRY 1 F,0,0,1%,0%,06ew2,YES,2026-08-31_15-10-08,,,0,0,0,0,0,0,0,0,0,0,0,0,0,0,0,0,0,0,0,0,0,0,0,0,0,0,0,0,0,0,0,0,0,0,0,0,0,0,0,0,0,NO,0,0,0,0,0,
*04tzt*,Jefferson Lerma,CRY,"D,M",448,FA,MCI 4<br/>@CRY 1 F,0,0,1%,0%,04tzt,YES,2026-08-31_15-10-08,,,0,0,0,0,0,0,0,0,0,0,0,0,0,0,0,0,0,0,0,0,0,0,0,0,0,0,0,0,0,0,0,0,0,0,0,0,0,0,0,0,0,NO,0,0,0,0,0,
*078wk*,Zavier Gozo,CRY,F,394,FA,MCI 4<br/>@CRY 1 F,0,0,1%,0%,078wk,YES,2026-08-31_15-10-08,,,0,0,0,0,0,0,0,0,0,0,0,0,0,0,0,0,0,0,0,0,0,0,0,0,0,0,0,0,0,0,0,0,0,0,0,0,0,0,0,0,0,NO,0,0,0,0,0,
*078lf*,George Pickford,EVE,G,523,W <small>(Mon)</small>,EVE 1<br/>@BOU 1 F,0,0,1%,0%,078lf,YES,2026-08-31_15-10-08,,,0,0,0,0,0,0,0,0,0,0,0,0,0,0,0,0,0,0,0,0,0,0,0,0,0,0,0,0,0,0,0,0,0,0,0,0,0,0,0,0,0,NO,0,0,0,0,0,
*072j3*,Alysson,AVL,F,612,FA,ARS Tue 5:00AM,0,0,1%,0%,072j3,YES,2026-08-31_15-10-08,,,0,0,0,0,0,0,0,0,0,0,0,0,0,0,0,0,0,0,0,0,0,0,0,0,0,0,0,0,0,0,0,0,0,0,0,0,0,0,0,0,0,NO,0,0,0,0,0,
*076dx*,Sindre Egeli,IPS,"M,F",368,W <small>(Wed)</small>,IPS 2<br/>@MUN 5 F,0,0,1%,0%,076dx,YES,2026-08-31_15-10-08,,,0,0,0,0,0,0,0,0,0,0,0,0,0,0,0,0,0,0,0,0,0,0,0,0,0,0,0,0,0,0,0,0,0,0,0,0,0,0,0,0,0,NO,0,0,0,0,0,
*05tr1*,Ethan Pinnock,COV,D,525,W <small>(Mon)</small>,HUL 1<br/>@COV 0 F,0,0,1%,0%,05tr1,YES,2026-08-31_15-10-08,,,0,0,0,0,0,0,0,0,0,0,0,0,0,0,0,0,0,0,0,0,0,0,0,0,0,0,0,0,0,0,0,0,0,0,0,0,0,0,0,0,0,NO,0,0,0,0,0,
*0703h*,Arnaud Kalimuendo,NOT,F,430,W <small>(Mon)</small>,NOT 2<br/>@LIV 2 F,0,0,1%,0%,0703h,YES,2026-08-31_15-10-08,,,0,0,0,0,0,0,0,0,0,0,0,0,0,0,0,0,0,0,0,0,0,0,0,0,0,0,0,0,0,0,0,0,0,0,0,0,0,0,0,0,0,NO,0,0,0,0,0,
*070h9*,Veljko Milosavljevic,BOU,D,479,W <small>(Mon)</small>,EVE 1<br/>@BOU 1 F,0,0,1%,0%,070h9,YES,2026-08-31_15-10-08,,,0,0,0,0,0,0,0,0,0,0,0,0,0,0,0,0,0,0,0,0,0,0,0,0,0,0,0,0,0,0,0,0,0,0,0,0,0,0,0,0,0,NO,0,0,0,0,0,
*06qq9*,Luca Williams-Barnett,TOT,M,596,W <small>(Tue)</small>,NEW 2<br/>@TOT 0 F,0,0,1%,0%,06qq9,YES,2026-08-31_15-10-08,,,0,0,0,0,0,0,0,0,0,0,0,0,0,0,0,0,0,0,0,0,0,0,0,0,0,0,0,0,0,0,0,0,0,0,0,0,0,0,0,0,0,NO,0,0,0,0,0,
*0626q*,Simon Adingra,SUN,"M,F",272,W <small>(Tue)</small>,FUL 0<br/>@SUN 1 F,0,0,1%,0%,0626q,YES,2026-08-31_15-10-08,,,0,0,0,0,0,0,0,0,0,0,0,0,0,0,0,0,0,0,0,0,0,0,0,0,0,0,0,0,0,0,0,0,0,0,0,0,0,0,0,0,0,NO,0,0,0,0,0,
*03yeg*,Tosin Adarabioyo,CHE,D,270,W <small>(Tue)</small>,BHA 3<br/>@CHE 4 F,0,0,1%,0%,03yeg,YES,2026-08-31_15-10-08,,,0,0,0,0,0,0,0,0,0,0,0,0,0,0,0,0,0,0,0,0,0,0,0,0,0,0,0,0,0,0,0,0,0,0,0,0,0,0,0,0,0,NO,0,0,0,0,0,
*064a0*,Wilfried Gnonto,LEE,F,391,W <small>(Tue)</small>,BRF 1<br/>@LEE 1 F,0,0,1%,0%,064a0,YES,2026-08-31_15-10-08,,,0,0,0,0,0,0,0,0,0,0,0,0,0,0,0,0,0,0,0,0,0,0,0,0,0,0,0,0,0,0,0,0,0,0,0,0,0,0,0,0,0,NO,0,0,0,0,0,
*04rha*,Jason Steele,BHA,G,565,W <small>(Tue)</small>,BHA 3<br/>@CHE 4 F,0,0,1%,0%,04rha,YES,2026-08-31_15-10-08,,,0,0,0,0,0,0,0,0,0,0,0,0,0,0,0,0,0,0,0,0,0,0,0,0,0,0,0,0,0,0,0,0,0,0,0,0,0,0,0,0,0,NO,0,0,0,0,0,
*078fz*,Jens Hjerto-Dahl,HUL,M,412,W <small>(Mon)</small>,HUL 1<br/>@COV 0 F,0,0,1%,0%,078fz,YES,2026-08-31_15-10-08,,,0,0,0,0,0,0,0,0,0,0,0,0,0,0,0,0,0,0,0,0,0,0,0,0,0,0,0,0,0,0,0,0,0,0,0,0,0,0,0,0,0,NO,0,0,0,0,0,
*04rh9*,David Brooks,BOU,M,314,W <small>(Mon)</small>,EVE 1<br/>@BOU 1 F,0,0,1%,0%,04rh9,YES,2026-08-31_15-10-08,,,0,0,0,0,0,0,0,0,0,0,0,0,0,0,0,0,0,0,0,0,0,0,0,0,0,0,0,0,0,0,0,0,0,0,0,0,0,0,0,0,0,NO,0,0,0,0,0,
*05mzt*,Illan Meslier,ARS,G,474,FA,@AVL Tue 5:00AM,0,0,1%,0%,05mzt,YES,2026-08-31_15-10-08,,,0,0,0,0,0,0,0,0,0,0,0,0,0,0,0,0,0,0,0,0,0,0,0,0,0,0,0,0,0,0,0,0,0,0,0,0,0,0,0,0,0,NO,0,0,0,0,0,
*06rmv*,Jeremy Monga,MCI,"M,F",484,FA,MCI 4<br/>@CRY 1 F,0,0,1%,0%,06rmv,YES,2026-08-31_15-10-08,,,0,0,0,0,0,0,0,0,0,0,0,0,0,0,0,0,0,0,0,0,0,0,0,0,0,0,0,0,0,0,0,0,0,0,0,0,0,0,0,0,0,NO,0,0,0,0,0,
*04ai5*,Geronimo Rulli,MCI,G,541,FA,MCI 4<br/>@CRY 1 F,0,0,1%,0%,04ai5,YES,2026-08-31_15-10-08,,,0,0,0,0,0,0,0,0,0,0,0,0,0,0,0,0,0,0,0,0,0,0,0,0,0,0,0,0,0,0,0,0,0,0,0,0,0,0,0,0,0,NO,0,0,0,0,0,
*06jfe*,Hakon Valdimarsson,BRF,G,588,W <small>(Tue)</small>,BRF 1<br/>@LEE 1 F,0,0,1%,0%,06jfe,YES,2026-08-31_15-10-08,,,0,0,0,0,0,0,0,0,0,0,0,0,0,0,0,0,0,0,0,0,0,0,0,0,0,0,0,0,0,0,0,0,0,0,0,0,0,0,0,0,0,NO,0,0,0,0,0,
*061z3*,Fabio Vieira,ARS,M,589,FA,@AVL Tue 5:00AM,0,0,1%,0%,061z3,YES,2026-08-31_15-10-08,,,0,0,0,0,0,0,0,0,0,0,0,0,0,0,0,0,0,0,0,0,0,0,0,0,0,0,0,0,0,0,0,0,0,0,0,0,0,0,0,0,0,NO,0,0,0,0,0,
*06r9x*,Vitor Reis,MCI,D,617,FA,MCI 4<br/>@CRY 1 F,0,0,1%,0%,06r9x,YES,2026-08-31_15-10-08,,,0,0,0,0,0,0,0,0,0,0,0,0,0,0,0,0,0,0,0,0,0,0,0,0,0,0,0,0,0,0,0,0,0,0,0,0,0,0,0,0,0,NO,0,0,0,0,0,
*06xze*,Walter Benitez,CRY,G,302,FA,MCI 4<br/>@CRY 1 F,0,0,1%,0%,06xze,YES,2026-08-31_15-10-08,,,0,0,0,0,0,0,0,0,0,0,0,0,0,0,0,0,0,0,0,0,0,0,0,0,0,0,0,0,0,0,0,0,0,0,0,0,0,0,0,0,0,NO,0,0,0,0,0,
*06l2r*,Harry Amass,MUN,D,280,W <small>(Wed)</small>,IPS 2<br/>@MUN 5 F,0,0,1%,0%,06l2r,YES,2026-08-31_15-10-08,,,0,0,0,0,0,0,0,0,0,0,0,0,0,0,0,0,0,0,0,0,0,0,0,0,0,0,0,0,0,0,0,0,0,0,0,0,0,0,0,0,0,NO,0,0,0,0,0,
*05tqz*,Rico Henry,BRF,D,410,W <small>(Tue)</small>,BRF 1<br/>@LEE 1 F,0,0,1%,0%,05tqz,YES,2026-08-31_15-10-08,,,0,0,0,0,0,0,0,0,0,0,0,0,0,0,0,0,0,0,0,0,0,0,0,0,0,0,0,0,0,0,0,0,0,0,0,0,0,0,0,0,0,NO,0,0,0,0,0,
*070hr*,Jonah Kusi-Asare,FUL,F,443,W <small>(Tue)</small>,FUL 0<br/>@SUN 1 F,0,0,1%,0%,070hr,YES,2026-08-31_15-10-08,,,0,0,0,0,0,0,0,0,0,0,0,0,0,0,0,0,0,0,0,0,0,0,0,0,0,0,0,0,0,0,0,0,0,0,0,0,0,0,0,0,0,NO,0,0,0,0,0,
*06y4g*,Antoni Milambo,BRF,M,477,W <small>(Tue)</small>,BRF 1<br/>@LEE 1 F,0,0,1%,0%,06y4g,YES,2026-08-31_15-10-08,,,0,0,0,0,0,0,0,0,0,0,0,0,0,0,0,0,0,0,0,0,0,0,0,0,0,0,0,0,0,0,0,0,0,0,0,0,0,0,0,0,0,NO,0,0,0,0,0,
*057cr*,Kevin Danso,TOT,D,341,W <small>(Tue)</small>,NEW 2<br/>@TOT 0 F,0,0,1%,0%,057cr,YES,2026-08-31_15-10-08,,,0,0,0,0,0,0,0,0,0,0,0,0,0,0,0,0,0,0,0,0,0,0,0,0,0,0,0,0,0,0,0,0,0,0,0,0,0,0,0,0,0,NO,0,0,0,0,0,
*06mnm*,Marc Guiu,CHE,F,400,W <small>(Tue)</small>,BHA 3<br/>@CHE 4 F,0,0,1%,0%,06mnm,YES,2026-08-31_15-10-08,,,0,0,0,0,0,0,0,0,0,0,0,0,0,0,0,0,0,0,0,0,0,0,0,0,0,0,0,0,0,0,0,0,0,0,0,0,0,0,0,0,0,NO,0,0,0,0,0,
*04f6o*,Will Hughes,CRY,M,417,FA,MCI 4<br/>@CRY 1 F,0,0,1%,0%,04f6o,YES,2026-08-31_15-10-08,,,0,0,0,0,0,0,0,0,0,0,0,0,0,0,0,0,0,0,0,0,0,0,0,0,0,0,0,0,0,0,0,0,0,0,0,0,0,0,0,0,0,NO,0,0,0,0,0,
*06pib*,Manuel Ugarte,MUN,M,587,W <small>(Wed)</small>,IPS 2<br/>@MUN 5 F,0,0,1%,0%,06pib,YES,2026-08-31_15-10-08,,,0,0,0,0,0,0,0,0,0,0,0,0,0,0,0,0,0,0,0,0,0,0,0,0,0,0,0,0,0,0,0,0,0,0,0,0,0,0,0,0,0,NO,0,0,0,0,0,
*072zp*,Melker Ellborg,SUN,G,370,W <small>(Tue)</small>,FUL 0<br/>@SUN 1 F,0,0,1%,0%,072zp,YES,2026-08-31_15-10-08,,,0,0,0,0,0,0,0,0,0,0,0,0,0,0,0,0,0,0,0,0,0,0,0,0,0,0,0,0,0,0,0,0,0,0,0,0,0,0,0,0,0,NO,0,0,0,0,0,
*06r9h*,Romain Esse,CRY,M,375,FA,MCI 4<br/>@CRY 1 F,0,0,1%,0%,06r9h,YES,2026-08-31_15-10-08,,,0,0,0,0,0,0,0,0,0,0,0,0,0,0,0,0,0,0,0,0,0,0,0,0,0,0,0,0,0,0,0,0,0,0,0,0,0,0,0,0,0,NO,0,0,0,0,0,
*05t6z*,Tim Iroegbunam,EVE,M,420,W <small>(Mon)</small>,EVE 1<br/>@BOU 1 F,0,0,1%,0%,05t6z,YES,2026-08-31_15-10-08,,,0,0,0,0,0,0,0,0,0,0,0,0,0,0,0,0,0,0,0,0,0,0,0,0,0,0,0,0,0,0,0,0,0,0,0,0,0,0,0,0,0,NO,0,0,0,0,0,
*072zr*,Luca Netz,NOT,D,494,W <small>(Mon)</small>,NOT 2<br/>@LIV 2 F,0,0,1%,0%,072zr,YES,2026-08-31_15-10-08,,,0,0,0,0,0,0,0,0,0,0,0,0,0,0,0,0,0,0,0,0,0,0,0,0,0,0,0,0,0,0,0,0,0,0,0,0,0,0,0,0,0,NO,0,0,0,0,0,
*076cx*,Ben Wilson,COV,G,597,W <small>(Mon)</small>,HUL 1<br/>@COV 0 F,0,0,1%,0%,076cx,YES,2026-08-31_15-10-08,,,0,0,0,0,0,0,0,0,0,0,0,0,0,0,0,0,0,0,0,0,0,0,0,0,0,0,0,0,0,0,0,0,0,0,0,0,0,0,0,0,0,NO,0,0,0,0,0,
*05ojf*,Fabio Carvalho,BRF,M,324,W <small>(Tue)</small>,BRF 1<br/>@LEE 1 F,0,0,1%,0%,05ojf,YES,2026-08-31_15-10-08,,,0,0,0,0,0,0,0,0,0,0,0,0,0,0,0,0,0,0,0,0,0,0,0,0,0,0,0,0,0,0,0,0,0,0,0,0,0,0,0,0,0,NO,0,0,0,0,0,
*06kyw*,Claudio Echeverri,MCI,M,367,FA,MCI 4<br/>@CRY 1 F,0,0,1%,0%,06kyw,YES,2026-08-31_15-10-08,,,0,0,0,0,0,0,0,0,0,0,0,0,0,0,0,0,0,0,0,0,0,0,0,0,0,0,0,0,0,0,0,0,0,0,0,0,0,0,0,0,0,NO,0,0,0,0,0,
*03mga*,Darnell Furlong,IPS,D,384,W <small>(Wed)</small>,IPS 2<br/>@MUN 5 F,0,0,1%,0%,03mga,YES,2026-08-31_15-10-08,,,0,0,0,0,0,0,0,0,0,0,0,0,0,0,0,0,0,0,0,0,0,0,0,0,0,0,0,0,0,0,0,0,0,0,0,0,0,0,0,0,0,NO,0,0,0,0,0,
*04vy4*,Mark Travers,EVE,G,582,W <small>(Mon)</small>,EVE 1<br/>@BOU 1 F,0,0,1%,0%,04vy4,YES,2026-08-31_15-10-08,,,0,0,0,0,0,0,0,0,0,0,0,0,0,0,0,0,0,0,0,0,0,0,0,0,0,0,0,0,0,0,0,0,0,0,0,0,0,0,0,0,0,NO,0,0,0,0,0,
*076du*,Azor Matusiwa,IPS,M,462,W <small>(Wed)</small>,IPS 2<br/>@MUN 5 F,0,0,1%,0%,076du,YES,2026-08-31_15-10-08,,,0,0,0,0,0,0,0,0,0,0,0,0,0,0,0,0,0,0,0,0,0,0,0,0,0,0,0,0,0,0,0,0,0,0,0,0,0,0,0,0,0,NO,0,0,0,0,0,
*070hn*,Dilane Bakwa,NOT,"M,F",294,W <small>(Mon)</small>,NOT 2<br/>@LIV 2 F,0,0,1%,0%,070hn,YES,2026-08-31_15-10-08,,,0,0,0,0,0,0,0,0,0,0,0,0,0,0,0,0,0,0,0,0,0,0,0,0,0,0,0,0,0,0,0,0,0,0,0,0,0,0,0,0,0,NO,0,0,0,0,0,
*072pc*,Alex Toth,BOU,M,585,W <small>(Mon)</small>,EVE 1<br/>@BOU 1 F,0,0,1%,0%,072pc,YES,2026-08-31_15-10-08,,,0,0,0,0,0,0,0,0,0,0,0,0,0,0,0,0,0,0,0,0,0,0,0,0,0,0,0,0,0,0,0,0,0,0,0,0,0,0,0,0,0,NO,0,0,0,0,0,
*078yh*,Dayann Methalie,SUN,D,490,W <small>(Tue)</small>,FUL 0<br/>@SUN 1 F,0,0,1%,+1%,078yh,YES,2026-08-31_15-10-08,,,0,0,0,0,0,0,0,0,0,0,0,0,0,0,0,0,0,0,0,0,0,0,0,0,0,0,0,0,0,0,0,0,0,0,0,0,0,0,0,0,0,NO,0,0,0,0,0,
*06do4*,Louie Koumas,LIV,F,438,W <small>(Mon)</small>,NOT 2<br/>@LIV 2 F,0,0,1%,0%,06do4,YES,2026-08-31_15-10-08,,,0,0,0,0,0,0,0,0,0,0,0,0,0,0,0,0,0,0,0,0,0,0,0,0,0,0,0,0,0,0,0,0,0,0,0,0,0,0,0,0,0,NO,0,0,0,0,0,
*070gt*,John Victor,NOT,G,453,W <small>(Mon)</small>,NOT 2<br/>@LIV 2 F,0,0,1%,0%,070gt,YES,2026-08-31_15-10-08,,,0,0,0,0,0,0,0,0,0,0,0,0,0,0,0,0,0,0,0,0,0,0,0,0,0,0,0,0,0,0,0,0,0,0,0,0,0,0,0,0,0,NO,0,0,0,0,0,
*076kc*,Jannik Schuster,BRF,D,550,W <small>(Tue)</small>,BRF 1<br/>@LEE 1 F,0,0,1%,0%,076kc,YES,2026-08-31_15-10-08,,,0,0,0,0,0,0,0,0,0,0,0,0,0,0,0,0,0,0,0,0,0,0,0,0,0,0,0,0,0,0,0,0,0,0,0,0,0,0,0,0,0,NO,0,0,0,0,0,
*06mg2*,Jack Taylor,IPS,M,576,W <small>(Wed)</small>,IPS 2<br/>@MUN 5 F,0,0,1%,0%,06mg2,YES,2026-08-31_15-10-08,,,0,0,0,0,0,0,0,0,0,0,0,0,0,0,0,0,0,0,0,0,0,0,0,0,0,0,0,0,0,0,0,0,0,0,0,0,0,0,0,0,0,NO,0,0,0,0,0,
*061y6*,Ryan Yates,NOT,M,605,W <small>(Mon)</small>,NOT 2<br/>@LIV 2 F,0,0,1%,0%,061y6,YES,2026-08-31_15-10-08,,,0,0,0,0,0,0,0,0,0,0,0,0,0,0,0,0,0,0,0,0,0,0,0,0,0,0,0,0,0,0,0,0,0,0,0,0,0,0,0,0,0,NO,0,0,0,0,0,
*0328q*,Tom Cairney,FUL,M,322,W <small>(Tue)</small>,FUL 0<br/>@SUN 1 F,0,0,1%,0%,0328q,YES,2026-08-31_15-10-08,,,0,0,0,0,0,0,0,0,0,0,0,0,0,0,0,0,0,0,0,0,0,0,0,0,0,0,0,0,0,0,0,0,0,0,0,0,0,0,0,0,0,NO,0,0,0,0,0,
*02oo1*,Ben Davies,TOT,D,345,W <small>(Tue)</small>,NEW 2<br/>@TOT 0 F,0,0,1%,0%,02oo1,YES,2026-08-31_15-10-08,,,0,0,0,0,0,0,0,0,0,0,0,0,0,0,0,0,0,0,0,0,0,0,0,0,0,0,0,0,0,0,0,0,0,0,0,0,0,0,0,0,0,NO,0,0,0,0,0,
*0372y*,Matt Targett,HUL,D,574,W <small>(Mon)</small>,HUL 1<br/>@COV 0 F,0,0,1%,0%,0372y,YES,2026-08-31_15-10-08,,,0,0,0,0,0,0,0,0,0,0,0,0,0,0,0,0,0,0,0,0,0,0,0,0,0,0,0,0,0,0,0,0,0,0,0,0,0,0,0,0,0,NO,0,0,0,0,0,
*062p0*,Stefan Bajcetic,LIV,M,293,W <small>(Mon)</small>,NOT 2<br/>@LIV 2 F,0,0,1%,0%,062p0,YES,2026-08-31_15-10-08,,,0,0,0,0,0,0,0,0,0,0,0,0,0,0,0,0,0,0,0,0,0,0,0,0,0,0,0,0,0,0,0,0,0,0,0,0,0,0,0,0,0,NO,0,0,0,0,0,
*06v0a*,Tyler Fletcher,MUN,M,379,W <small>(Wed)</small>,IPS 2<br/>@MUN 5 F,0,0,1%,0%,06v0a,YES,2026-08-31_15-10-08,,,0,0,0,0,0,0,0,0,0,0,0,0,0,0,0,0,0,0,0,0,0,0,0,0,0,0,0,0,0,0,0,0,0,0,0,0,0,0,0,0,0,NO,0,0,0,0,0,
*072mp*,Kaye Furo,BRF,F,385,W <small>(Tue)</small>,BRF 1<br/>@LEE 1 F,0,0,1%,0%,072mp,YES,2026-08-31_15-10-08,,,0,0,0,0,0,0,0,0,0,0,0,0,0,0,0,0,0,0,0,0,0,0,0,0,0,0,0,0,0,0,0,0,0,0,0,0,0,0,0,0,0,NO,0,0,0,0,0,
*06kx1*,Justin Devenny,CRY,"M,F",349,FA,MCI 4<br/>@CRY 1 F,0,0,1%,0%,06kx1,YES,2026-08-31_15-10-08,,,0,0,0,0,0,0,0,0,0,0,0,0,0,0,0,0,0,0,0,0,0,0,0,0,0,0,0,0,0,0,0,0,0,0,0,0,0,0,0,0,0,NO,0,0,0,0,0,
*02ltw*,Fraser Forster,BOU,G,380,W <small>(Mon)</small>,EVE 1<br/>@BOU 1 F,0,0,1%,0%,02ltw,YES,2026-08-31_15-10-08,,,0,0,0,0,0,0,0,0,0,0,0,0,0,0,0,0,0,0,0,0,0,0,0,0,0,0,0,0,0,0,0,0,0,0,0,0,0,0,0,0,0,NO,0,0,0,0,0,
*06exa*,Matheus Franca,CRY,F,382,FA,MCI 4<br/>@CRY 1 F,0,0,1%,0%,06exa,YES,2026-08-31_15-10-08,,,0,0,0,0,0,0,0,0,0,0,0,0,0,0,0,0,0,0,0,0,0,0,0,0,0,0,0,0,0,0,0,0,0,0,0,0,0,0,0,0,0,NO,0,0,0,0,0,
*03dwz*,Tom Heaton,MUN,G,408,W <small>(Wed)</small>,IPS 2<br/>@MUN 5 F,0,0,1%,0%,03dwz,YES,2026-08-31_15-10-08,,,0,0,0,0,0,0,0,0,0,0,0,0,0,0,0,0,0,0,0,0,0,0,0,0,0,0,0,0,0,0,0,0,0,0,0,0,0,0,0,0,0,NO,0,0,0,0,0,
*04ge8*,Reiss Nelson,ARS,F,493,FA,@AVL Tue 5:00AM,0,0,1%,0%,04ge8,YES,2026-08-31_15-10-08,,,0,0,0,0,0,0,0,0,0,0,0,0,0,0,0,0,0,0,0,0,0,0,0,0,0,0,0,0,0,0,0,0,0,0,0,0,0,0,0,0,0,NO,0,0,0,0,0,
*0784a*,Michael Svoboda,BHA,D,570,W <small>(Tue)</small>,BHA 3<br/>@CHE 4 F,0,0,1%,0%,0784a,YES,2026-08-31_15-10-08,,,0,0,0,0,0,0,0,0,0,0,0,0,0,0,0,0,0,0,0,0,0,0,0,0,0,0,0,0,0,0,0,0,0,0,0,0,0,0,0,0,0,NO,0,0,0,0,0,
*05n3v*,Konstantinos Tsimikas,LIV,D,583,W <small>(Mon)</small>,NOT 2<br/>@LIV 2 F,0,0,1%,0%,05n3v,YES,2026-08-31_15-10-08,,,0,0,0,0,0,0,0,0,0,0,0,0,0,0,0,0,0,0,0,0,0,0,0,0,0,0,0,0,0,0,0,0,0,0,0,0,0,0,0,0,0,NO,0,0,0,0,0,
*05r4h*,Lamare Bogarde,AVL,"D,M",307,FA,ARS Tue 5:00AM,0,0,1%,0%,05r4h,YES,2026-08-31_15-10-08,,,0,0,0,0,0,0,0,0,0,0,0,0,0,0,0,0,0,0,0,0,0,0,0,0,0,0,0,0,0,0,0,0,0,0,0,0,0,0,0,0,0,NO,0,0,0,0,0,
*06uzv*,Dario Essugo,CHE,M,326,W <small>(Tue)</small>,BHA 3<br/>@CHE 4 F,0,0,1%,0%,06uzv,YES,2026-08-31_15-10-08,,,0,0,0,0,0,0,0,0,0,0,0,0,0,0,0,0,0,0,0,0,0,0,0,0,0,0,0,0,0,0,0,0,0,0,0,0,0,0,0,0,0,NO,0,0,0,0,0,
*06p4l*,Julian Araujo,BOU,D,284,W <small>(Mon)</small>,EVE 1<br/>@BOU 1 F,0,0,0%,0%,06p4l,YES,2026-08-31_15-10-08,,,0,0,0,0,0,0,0,0,0,0,0,0,0,0,0,0,0,0,0,0,0,0,0,0,0,0,0,0,0,0,0,0,0,0,0,0,0,0,0,0,0,NO,0,0,0,0,0,
*06804*,Benoit Badiashile,CHE,D,291,W <small>(Tue)</small>,BHA 3<br/>@CHE 4 F,0,0,0%,0%,06804,YES,2026-08-31_15-10-08,,,0,0,0,0,0,0,0,0,0,0,0,0,0,0,0,0,0,0,0,0,0,0,0,0,0,0,0,0,0,0,0,0,0,0,0,0,0,0,0,0,0,NO,0,0,0,0,0,
*076cw*,Oliver Dovin,COV,G,361,W <small>(Mon)</small>,HUL 1<br/>@COV 0 F,0,0,0%,0%,076cw,YES,2026-08-31_15-10-08,,,0,0,0,0,0,0,0,0,0,0,0,0,0,0,0,0,0,0,0,0,0,0,0,0,0,0,0,0,0,0,0,0,0,0,0,0,0,0,0,0,0,NO,0,0,0,0,0,
*06fso*,Wataru Endo,LIV,M,374,W <small>(Mon)</small>,NOT 2<br/>@LIV 2 F,0,0,0%,0%,06fso,YES,2026-08-31_15-10-08,,,0,0,0,0,0,0,0,0,0,0,0,0,0,0,0,0,0,0,0,0,0,0,0,0,0,0,0,0,0,0,0,0,0,0,0,0,0,0,0,0,0,NO,0,0,0,0,0,
*06uzu*,Mamadou Sarr,CHE,D,544,W <small>(Tue)</small>,BHA 3<br/>@CHE 4 F,0,0,0%,0%,06uzu,YES,2026-08-31_15-10-08,,,0,0,0,0,0,0,0,0,0,0,0,0,0,0,0,0,0,0,0,0,0,0,0,0,0,0,0,0,0,0,0,0,0,0,0,0,0,0,0,0,0,NO,0,0,0,0,0,
*03m5i*,Freddie Woodman,LIV,G,601,W <small>(Mon)</small>,NOT 2<br/>@LIV 2 F,0,0,0%,0%,03m5i,YES,2026-08-31_15-10-08,,,0,0,0,0,0,0,0,0,0,0,0,0,0,0,0,0,0,0,0,0,0,0,0,0,0,0,0,0,0,0,0,0,0,0,0,0,0,0,0,0,0,NO,0,0,0,0,0,
*062ot*,Cheick Doucoure,CRY,M,360,FA,MCI 4<br/>@CRY 1 F,0,0,0%,0%,062ot,YES,2026-08-31_15-10-08,,,0,0,0,0,0,0,0,0,0,0,0,0,0,0,0,0,0,0,0,0,0,0,0,0,0,0,0,0,0,0,0,0,0,0,0,0,0,0,0,0,0,NO,0,0,0,0,0,
*06rnn*,Sean Neave,NEW,F,492,W <small>(Tue)</small>,NEW 2<br/>@TOT 0 F,0,0,0%,0%,06rnn,YES,2026-08-31_15-10-08,,,0,0,0,0,0,0,0,0,0,0,0,0,0,0,0,0,0,0,0,0,0,0,0,0,0,0,0,0,0,0,0,0,0,0,0,0,0,0,0,0,0,NO,0,0,0,0,0,
*078t8*,Abdoul Ouattara,IPS,D,513,W <small>(Wed)</small>,IPS 2<br/>@MUN 5 F,0,0,0%,0%,078t8,YES,2026-08-31_15-10-08,,,0,0,0,0,0,0,0,0,0,0,0,0,0,0,0,0,0,0,0,0,0,0,0,0,0,0,0,0,0,0,0,0,0,0,0,0,0,0,0,0,0,NO,0,0,0,0,0,
*070g8*,Nicolo Savona,NOT,D,546,W <small>(Mon)</small>,NOT 2<br/>@LIV 2 F,0,0,0%,0%,070g8,YES,2026-08-31_15-10-08,,,0,0,0,0,0,0,0,0,0,0,0,0,0,0,0,0,0,0,0,0,0,0,0,0,0,0,0,0,0,0,0,0,0,0,0,0,0,0,0,0,0,NO,0,0,0,0,0,
*02ls8*,Marcus Bettinelli,MCI,G,303,FA,MCI 4<br/>@CRY 1 F,0,0,0%,0%,02ls8,YES,2026-08-31_15-10-08,,,0,0,0,0,0,0,0,0,0,0,0,0,0,0,0,0,0,0,0,0,0,0,0,0,0,0,0,0,0,0,0,0,0,0,0,0,0,0,0,0,0,NO,0,0,0,0,0,
*076d6*,Josh Eccles,COV,M,366,W <small>(Mon)</small>,HUL 1<br/>@COV 0 F,0,0,0%,0%,076d6,YES,2026-08-31_15-10-08,,,0,0,0,0,0,0,0,0,0,0,0,0,0,0,0,0,0,0,0,0,0,0,0,0,0,0,0,0,0,0,0,0,0,0,0,0,0,0,0,0,0,NO,0,0,0,0,0,
*07850*,Ifeanyi Ndukwe,LIV,D,491,W <small>(Mon)</small>,NOT 2<br/>@LIV 2 F,0,0,0%,0%,07850,YES,2026-08-31_15-10-08,,,0,0,0,0,0,0,0,0,0,0,0,0,0,0,0,0,0,0,0,0,0,0,0,0,0,0,0,0,0,0,0,0,0,0,0,0,0,0,0,0,0,NO,0,0,0,0,0,
*06pig*,Morato,NOT,D,537,W <small>(Mon)</small>,NOT 2<br/>@LIV 2 F,0,0,0%,0%,06pig,YES,2026-08-31_15-10-08,,,0,0,0,0,0,0,0,0,0,0,0,0,0,0,0,0,0,0,0,0,0,0,0,0,0,0,0,0,0,0,0,0,0,0,0,0,0,0,0,0,0,NO,0,0,0,0,0,
*06prt*,Triston Rowe,AVL,D,539,FA,ARS Tue 5:00AM,0,0,0%,0%,06prt,YES,2026-08-31_15-10-08,,,0,0,0,0,0,0,0,0,0,0,0,0,0,0,0,0,0,0,0,0,0,0,0,0,0,0,0,0,0,0,0,0,0,0,0,0,0,0,0,0,0,NO,0,0,0,0,0,
*06eka*,Igor Julio,BHA,D,619,W <small>(Tue)</small>,BHA 3<br/>@CHE 4 F,0,0,0%,0%,06eka,YES,2026-08-31_15-10-08,,,0,0,0,0,0,0,0,0,0,0,0,0,0,0,0,0,0,0,0,0,0,0,0,0,0,0,0,0,0,0,0,0,0,0,0,0,0,0,0,0,0,NO,0,0,0,0,0,
*06zef*,Adam Aznou,EVE,D,289,W <small>(Mon)</small>,EVE 1<br/>@BOU 1 F,0,0,0%,0%,06zef,YES,2026-08-31_15-10-08,,,0,0,0,0,0,0,0,0,0,0,0,0,0,0,0,0,0,0,0,0,0,0,0,0,0,0,0,0,0,0,0,0,0,0,0,0,0,0,0,0,0,NO,0,0,0,0,0,
*06mul*,Jack Fletcher,MUN,M,378,W <small>(Wed)</small>,IPS 2<br/>@MUN 5 F,0,0,0%,0%,06mul,YES,2026-08-31_15-10-08,,,0,0,0,0,0,0,0,0,0,0,0,0,0,0,0,0,0,0,0,0,0,0,0,0,0,0,0,0,0,0,0,0,0,0,0,0,0,0,0,0,0,NO,0,0,0,0,0,
*06v01*,Ilia Gruev,LEE,M,397,W <small>(Tue)</small>,BRF 1<br/>@LEE 1 F,0,0,0%,0%,06v01,YES,2026-08-31_15-10-08,,,0,0,0,0,0,0,0,0,0,0,0,0,0,0,0,0,0,0,0,0,0,0,0,0,0,0,0,0,0,0,0,0,0,0,0,0,0,0,0,0,0,NO,0,0,0,0,0,
*076ki*,Ewen Jaouen,NEW,G,424,W <small>(Tue)</small>,NEW 2<br/>@TOT 0 F,0,0,0%,0%,076ki,YES,2026-08-31_15-10-08,,,0,0,0,0,0,0,0,0,0,0,0,0,0,0,0,0,0,0,0,0,0,0,0,0,0,0,0,0,0,0,0,0,0,0,0,0,0,0,0,0,0,NO,0,0,0,0,0,
*06dpw*,Kim Ji-Soo,BRF,D,433,W <small>(Tue)</small>,BRF 1<br/>@LEE 1 F,0,0,0%,0%,06dpw,YES,2026-08-31_15-10-08,,,0,0,0,0,0,0,0,0,0,0,0,0,0,0,0,0,0,0,0,0,0,0,0,0,0,0,0,0,0,0,0,0,0,0,0,0,0,0,0,0,0,NO,0,0,0,0,0,
*05y55*,Kasey McAteer,IPS,M,465,W <small>(Wed)</small>,IPS 2<br/>@MUN 5 F,0,0,0%,0%,05y55,YES,2026-08-31_15-10-08,,,0,0,0,0,0,0,0,0,0,0,0,0,0,0,0,0,0,0,0,0,0,0,0,0,0,0,0,0,0,0,0,0,0,0,0,0,0,0,0,0,0,NO,0,0,0,0,0,
*06yey*,Borna Sosa,CRY,D,564,FA,MCI 4<br/>@CRY 1 F,0,0,0%,0%,06yey,YES,2026-08-31_15-10-08,,,0,0,0,0,0,0,0,0,0,0,0,0,0,0,0,0,0,0,0,0,0,0,0,0,0,0,0,0,0,0,0,0,0,0,0,0,0,0,0,0,0,NO,0,0,0,0,0,
*072py*,Souza,TOT,D,618,W <small>(Tue)</small>,NEW 2<br/>@TOT 0 F,0,0,0%,0%,072py,YES,2026-08-31_15-10-08,,,0,0,0,0,0,0,0,0,0,0,0,0,0,0,0,0,0,0,0,0,0,0,0,0,0,0,0,0,0,0,0,0,0,0,0,0,0,0,0,0,0,NO,0,0,0,0,0,
*0722t*,Ryan McAidoo,MCI,F,464,FA,MCI 4<br/>@CRY 1 F,0,0,0%,0%,0722t,YES,2026-08-31_15-10-08,,,,,,,,,,,,,,,,,,,,,,,,,,,,,,,,,,,,,,,,,,,,,,,,,0,
*06442*,Zach Abbott,NOT,D,268,W <small>(Mon)</small>,NOT 2<br/>@LIV 2 F,0,0,0%,0%,06442,YES,2026-08-31_15-10-08,,,0,0,0,0,0,0,0,0,0,0,0,0,0,0,0,0,0,0,0,0,0,0,0,0,0,0,0,0,0,0,0,0,0,0,0,0,0,0,0,0,0,NO,0,0,0,0,0,
*078fy*,Luka Lynch,AVL,F,452,FA,ARS Tue 5:00AM,0,0,0%,0%,078fy,YES,2026-08-31_15-10-08,,,0,0,0,0,0,0,0,0,0,0,0,0,0,0,0,0,0,0,0,0,0,0,0,0,0,0,0,0,0,0,0,0,0,0,0,0,0,0,0,0,0,NO,0,0,0,0,0,
*076dw*,Anis Mehmeti,IPS,M,471,W <small>(Wed)</small>,IPS 2<br/>@MUN 5 F,0,0,0%,0%,076dw,YES,2026-08-31_15-10-08,,,0,0,0,0,0,0,0,0,0,0,0,0,0,0,0,0,0,0,0,0,0,0,0,0,0,0,0,0,0,0,0,0,0,0,0,0,0,0,0,0,0,NO,0,0,0,0,0,
*06phr*,Gustavo Nunes,BRF,F,498,W <small>(Tue)</small>,BRF 1<br/>@LEE 1 F,0,0,0%,0%,06phr,YES,2026-08-31_15-10-08,,,0,0,0,0,0,0,0,0,0,0,0,0,0,0,0,0,0,0,0,0,0,0,0,0,0,0,0,0,0,0,0,0,0,0,0,0,0,0,0,0,0,NO,0,0,0,0,0,
*062ow*,David Ozoh,CRY,M,514,FA,MCI 4<br/>@CRY 1 F,0,0,0%,0%,062ow,YES,2026-08-31_15-10-08,,,0,0,0,0,0,0,0,0,0,0,0,0,0,0,0,0,0,0,0,0,0,0,0,0,0,0,0,0,0,0,0,0,0,0,0,0,0,0,0,0,0,NO,0,0,0,0,0,
*03p9y*,Alex Palmer,IPS,G,517,W <small>(Wed)</small>,IPS 2<br/>@MUN 5 F,0,0,0%,0%,03p9y,YES,2026-08-31_15-10-08,,,0,0,0,0,0,0,0,0,0,0,0,0,0,0,0,0,0,0,0,0,0,0,0,0,0,0,0,0,0,0,0,0,0,0,0,0,0,0,0,0,0,NO,0,0,0,0,0,
*05yct*,Nathan Patterson,EVE,D,518,W <small>(Mon)</small>,EVE 1<br/>@BOU 1 F,0,0,0%,0%,05yct,YES,2026-08-31_15-10-08,,,0,0,0,0,0,0,0,0,0,0,0,0,0,0,0,0,0,0,0,0,0,0,0,0,0,0,0,0,0,0,0,0,0,0,0,0,0,0,0,0,0,NO,0,0,0,0,0,
*063c2*,Gabriel Slonina,CHE,G,561,W <small>(Tue)</small>,BHA 3<br/>@CHE 4 F,0,0,0%,0%,063c2,YES,2026-08-31_15-10-08,,,0,0,0,0,0,0,0,0,0,0,0,0,0,0,0,0,0,0,0,0,0,0,0,0,0,0,0,0,0,0,0,0,0,0,0,0,0,0,0,0,0,NO,0,0,0,0,0,
*078t9*,Mikel Jack,TOT,G,421,W <small>(Tue)</small>,NEW 2<br/>@TOT 0 F,0,0,0%,0%,078t9,YES,2026-08-31_15-10-08,,,0,0,0,0,0,0,0,0,0,0,0,0,0,0,0,0,0,0,0,0,0,0,0,0,0,0,0,0,0,0,0,0,0,0,0,0,0,0,0,0,0,NO,0,0,0,0,0,
*033l8*,Simon Moore,SUN,G,485,W <small>(Tue)</small>,FUL 0<br/>@SUN 1 F,0,0,0%,0%,033l8,YES,2026-08-31_15-10-08,,,0,0,0,0,0,0,0,0,0,0,0,0,0,0,0,0,0,0,0,0,0,0,0,0,0,0,0,0,0,0,0,0,0,0,0,0,0,0,0,0,0,NO,0,0,0,0,0,
*061z5*,Calvin Ramsay,LIV,D,530,W <small>(Mon)</small>,NOT 2<br/>@LIV 2 F,0,0,0%,0%,061z5,YES,2026-08-31_15-10-08,,,0,0,0,0,0,0,0,0,0,0,0,0,0,0,0,0,0,0,0,0,0,0,0,0,0,0,0,0,0,0,0,0,0,0,0,0,0,0,0,0,0,NO,0,0,0,0,0,
*06r7f*,Julio Soler,BOU,D,563,W <small>(Mon)</small>,EVE 1<br/>@BOU 1 F,0,0,0%,0%,06r7f,YES,2026-08-31_15-10-08,,,0,0,0,0,0,0,0,0,0,0,0,0,0,0,0,0,0,0,0,0,0,0,0,0,0,0,0,0,0,0,0,0,0,0,0,0,0,0,0,0,0,NO,0,0,0,0,0,
*0784e*,Reggie Watson,CHE,M,593,W <small>(Tue)</small>,BHA 3<br/>@CHE 4 F,0,0,0%,0%,0784e,YES,2026-08-31_15-10-08,,,0,0,0,0,0,0,0,0,0,0,0,0,0,0,0,0,0,0,0,0,0,0,0,0,0,0,0,0,0,0,0,0,0,0,0,0,0,0,0,0,0,NO,0,0,0,0,0,
*05ogg*,Ajibola Alese,SUN,D,278,W <small>(Tue)</small>,FUL 0<br/>@SUN 1 F,0,0,0%,0%,05ogg,YES,2026-08-31_15-10-08,,,0,0,0,0,0,0,0,0,0,0,0,0,0,0,0,0,0,0,0,0,0,0,0,0,0,0,0,0,0,0,0,0,0,0,0,0,0,0,0,0,0,NO,0,0,0,0,0,
*06fwn*,Steven Benda,NOT,G,299,W <small>(Mon)</small>,NOT 2<br/>@LIV 2 F,0,0,0%,0%,06fwn,YES,2026-08-31_15-10-08,,,0,0,0,0,0,0,0,0,0,0,0,0,0,0,0,0,0,0,0,0,0,0,0,0,0,0,0,0,0,0,0,0,0,0,0,0,0,0,0,0,0,NO,0,0,0,0,0,
*06r7l*,Bradley Burrowes,AVL,"M,F",317,FA,ARS Tue 5:00AM,0,0,0%,0%,06r7l,YES,2026-08-31_15-10-08,,,0,0,0,0,0,0,0,0,0,0,0,0,0,0,0,0,0,0,0,0,0,0,0,0,0,0,0,0,0,0,0,0,0,0,0,0,0,0,0,0,0,NO,0,0,0,0,0,
*06crn*,Toby Collyer,MUN,M,337,W <small>(Wed)</small>,IPS 2<br/>@MUN 5 F,0,0,0%,0%,06crn,YES,2026-08-31_15-10-08,,,0,0,0,0,0,0,0,0,0,0,0,0,0,0,0,0,0,0,0,0,0,0,0,0,0,0,0,0,0,0,0,0,0,0,0,0,0,0,0,0,0,NO,0,0,0,0,0,
*05ubh*,Remi Matthews,CRY,G,461,FA,MCI 4<br/>@CRY 1 F,0,0,0%,0%,05ubh,YES,2026-08-31_15-10-08,,,0,0,0,0,0,0,0,0,0,0,0,0,0,0,0,0,0,0,0,0,0,0,0,0,0,0,0,0,0,0,0,0,0,0,0,0,0,0,0,0,0,NO,0,0,0,0,0,
*03jlw*,Paddy McNair,HUL,D,468,W <small>(Mon)</small>,HUL 1<br/>@COV 0 F,0,0,0%,0%,03jlw,YES,2026-08-31_15-10-08,,,0,0,0,0,0,0,0,0,0,0,0,0,0,0,0,0,0,0,0,0,0,0,0,0,0,0,0,0,0,0,0,0,0,0,0,0,0,0,0,0,0,NO,0,0,0,0,0,
*0784f*,Mahdi Nicoll-Jazuli,CHE,M,495,W <small>(Tue)</small>,BHA 3<br/>@CHE 4 F,0,0,0%,0%,0784f,YES,2026-08-31_15-10-08,,,0,0,0,0,0,0,0,0,0,0,0,0,0,0,0,0,0,0,0,0,0,0,0,0,0,0,0,0,0,0,0,0,0,0,0,0,0,0,0,0,0,NO,0,0,0,0,0,
*05rjn*,Jesurun Rak-Sakyi,CRY,"M,F",528,FA,MCI 4<br/>@CRY 1 F,0,0,0%,0%,05rjn,YES,2026-08-31_15-10-08,,,0,0,0,0,0,0,0,0,0,0,0,0,0,0,0,0,0,0,0,0,0,0,0,0,0,0,0,0,0,0,0,0,0,0,0,0,0,0,0,0,0,NO,0,0,0,0,0,
*06nk0*,Tommy Setford,ARS,G,554,FA,@AVL Tue 5:00AM,0,0,0%,0%,06nk0,YES,2026-08-31_15-10-08,,,0,0,0,0,0,0,0,0,0,0,0,0,0,0,0,0,0,0,0,0,0,0,0,0,0,0,0,0,0,0,0,0,0,0,0,0,0,0,0,0,0,NO,0,0,0,0,0,
*0784c*,Olutayo Subuloye,CHE,D,568,W <small>(Tue)</small>,BHA 3<br/>@CHE 4 F,0,0,0%,0%,0784c,YES,2026-08-31_15-10-08,,,0,0,0,0,0,0,0,0,0,0,0,0,0,0,0,0,0,0,0,0,0,0,0,0,0,0,0,0,0,0,0,0,0,0,0,0,0,0,0,0,0,NO,0,0,0,0,0,
*05wwd*,Joshua Wilson-Esbrand,MCI,D,599,FA,MCI 4<br/>@CRY 1 F,0,0,0%,0%,05wwd,YES,2026-08-31_15-10-08,,,0,0,0,0,0,0,0,0,0,0,0,0,0,0,0,0,0,0,0,0,0,0,0,0,0,0,0,0,0,0,0,0,0,0,0,0,0,0,0,0,0,NO,0,0,0,0,0,
*06r5m*,Aaron Anselmino,CHE,D,282,W <small>(Tue)</small>,BHA 3<br/>@CHE 4 F,0,0,0%,0%,06r5m,YES,2026-08-31_15-10-08,,,0,0,0,0,0,0,0,0,0,0,0,0,0,0,0,0,0,0,0,0,0,0,0,0,0,0,0,0,0,0,0,0,0,0,0,0,0,0,0,0,0,NO,0,0,0,0,0,
*06v0k*,Alan Browne,SUN,M,315,W <small>(Tue)</small>,FUL 0<br/>@SUN 1 F,0,0,0%,0%,06v0k,YES,2026-08-31_15-10-08,,,0,0,0,0,0,0,0,0,0,0,0,0,0,0,0,0,0,0,0,0,0,0,0,0,0,0,0,0,0,0,0,0,0,0,0,0,0,0,0,0,0,NO,0,0,0,0,0,
*078hj*,Max-Edgar Chabot,MCI,G,327,FA,MCI 4<br/>@CRY 1 F,0,0,0%,0%,078hj,YES,2026-08-31_15-10-08,,,0,0,0,0,0,0,0,0,0,0,0,0,0,0,0,0,0,0,0,0,0,0,0,0,0,0,0,0,0,0,0,0,0,0,0,0,0,0,0,0,0,NO,0,0,0,0,0,
*06yxd*,Rhys Chadwick,LEE,M,328,W <small>(Tue)</small>,BRF 1<br/>@LEE 1 F,0,0,0%,0%,06yxd,YES,2026-08-31_15-10-08,,,0,0,0,0,0,0,0,0,0,0,0,0,0,0,0,0,0,0,0,0,0,0,0,0,0,0,0,0,0,0,0,0,0,0,0,0,0,0,0,0,0,NO,0,0,0,0,0,
*07847*,Modou Cisse,AVL,"D,M",336,FA,ARS Tue 5:00AM,0,0,0%,0%,07847,YES,2026-08-31_15-10-08,,,0,0,0,0,0,0,0,0,0,0,0,0,0,0,0,0,0,0,0,0,0,0,0,0,0,0,0,0,0,0,0,0,0,0,0,0,0,0,0,0,0,NO,0,0,0,0,0,
*0791n*,Jaouen Hadjam,BHA,D,403,W <small>(Tue)</small>,BHA 3<br/>@CHE 4 F,0,0,0%,0%,0791n,YES,2026-08-31_15-10-08,,,0,0,0,0,0,0,0,0,0,0,0,0,0,0,0,0,0,0,0,0,0,0,0,0,0,0,0,0,0,0,0,0,0,0,0,0,0,0,0,0,0,NO,0,0,0,0,0,
*05s00*,Daniel Jebbison,BOU,F,426,W <small>(Mon)</small>,EVE 1<br/>@BOU 1 F,0,0,0%,0%,05s00,YES,2026-08-31_15-10-08,,,0,0,0,0,0,0,0,0,0,0,0,0,0,0,0,0,0,0,0,0,0,0,0,0,0,0,0,0,0,0,0,0,0,0,0,0,0,0,0,0,0,NO,0,0,0,0,0,
*06zbw*,Benjamin Lecomte,FUL,G,446,W <small>(Tue)</small>,FUL 0<br/>@SUN 1 F,0,0,0%,0%,06zbw,YES,2026-08-31_15-10-08,,,0,0,0,0,0,0,0,0,0,0,0,0,0,0,0,0,0,0,0,0,0,0,0,0,0,0,0,0,0,0,0,0,0,0,0,0,0,0,0,0,0,NO,0,0,0,0,0,
*06yxc*,Rory Mahady,LEE,G,455,W <small>(Tue)</small>,BRF 1<br/>@LEE 1 F,0,0,0%,0%,06yxc,YES,2026-08-31_15-10-08,,,0,0,0,0,0,0,0,0,0,0,0,0,0,0,0,0,0,0,0,0,0,0,0,0,0,0,0,0,0,0,0,0,0,0,0,0,0,0,0,0,0,NO,0,0,0,0,0,
*037mt*,Harrison Reed,FUL,M,532,W <small>(Tue)</small>,FUL 0<br/>@SUN 1 F,0,0,0%,0%,037mt,YES,2026-08-31_15-10-08,,,0,0,0,0,0,0,0,0,0,0,0,0,0,0,0,0,0,0,0,0,0,0,0,0,0,0,0,0,0,0,0,0,0,0,0,0,0,0,0,0,0,NO,0,0,0,0,0,
*05nip*,Dane Scarlett,TOT,F,548,W <small>(Tue)</small>,NEW 2<br/>@TOT 0 F,0,0,0%,0%,05nip,YES,2026-08-31_15-10-08,,,0,0,0,0,0,0,0,0,0,0,0,0,0,0,0,0,0,0,0,0,0,0,0,0,0,0,0,0,0,0,0,0,0,0,0,0,0,0,0,0,0,NO,0,0,0,0,0,
*06v0f*,Jenson Seelt,SUN,D,551,W <small>(Tue)</small>,FUL 0<br/>@SUN 1 F,0,0,0%,0%,06v0f,YES,2026-08-31_15-10-08,,,0,0,0,0,0,0,0,0,0,0,0,0,0,0,0,0,0,0,0,0,0,0,0,0,0,0,0,0,0,0,0,0,0,0,0,0,0,0,0,0,0,NO,0,0,0,0,0,
*051kg*,Max Aarons,BOU,D,267,W <small>(Mon)</small>,EVE 1<br/>@BOU 1 F,0,0,0%,0%,051kg,YES,2026-08-31_15-10-08,,,0,0,0,0,0,0,0,0,0,0,0,0,0,0,0,0,0,0,0,0,0,0,0,0,0,0,0,0,0,0,0,0,0,0,0,0,0,0,0,0,0,NO,0,0,0,0,0,
*02t13*,David Button,IPS,G,319,W <small>(Wed)</small>,IPS 2<br/>@MUN 5 F,0,0,0%,0%,02t13,YES,2026-08-31_15-10-08,,,0,0,0,0,0,0,0,0,0,0,0,0,0,0,0,0,0,0,0,0,0,0,0,0,0,0,0,0,0,0,0,0,0,0,0,0,0,0,0,0,0,NO,0,0,0,0,0,
*064oo*,Amario Cozier-Duberry,BHA,M,339,W <small>(Tue)</small>,BHA 3<br/>@CHE 4 F,0,0,0%,0%,064oo,YES,2026-08-31_15-10-08,,,0,0,0,0,0,0,0,0,0,0,0,0,0,0,0,0,0,0,0,0,0,0,0,0,0,0,0,0,0,0,0,0,0,0,0,0,0,0,0,0,0,NO,0,0,0,0,0,
*06ewn*,Luc De Fougerolles,FUL,D,347,W <small>(Tue)</small>,FUL 0<br/>@SUN 1 F,0,0,0%,0%,06ewn,YES,2026-08-31_15-10-08,,,0,0,0,0,0,0,0,0,0,0,0,0,0,0,0,0,0,0,0,0,0,0,0,0,0,0,0,0,0,0,0,0,0,0,0,0,0,0,0,0,0,NO,0,0,0,0,0,
*056as*,William Dennis,BOU,G,348,W <small>(Mon)</small>,EVE 1<br/>@BOU 1 F,0,0,0%,0%,056as,YES,2026-08-31_15-10-08,,,0,0,0,0,0,0,0,0,0,0,0,0,0,0,0,0,0,0,0,0,0,0,0,0,0,0,0,0,0,0,0,0,0,0,0,0,0,0,0,0,0,NO,0,0,0,0,0,
*05n09*,Mark Gillespie,NEW,G,389,W <small>(Tue)</small>,NEW 2<br/>@TOT 0 F,0,0,0%,0%,05n09,YES,2026-08-31_15-10-08,,,0,0,0,0,0,0,0,0,0,0,0,0,0,0,0,0,0,0,0,0,0,0,0,0,0,0,0,0,0,0,0,0,0,0,0,0,0,0,0,0,0,NO,0,0,0,0,0,
*052ce*,Vitezslav Jaros,LIV,G,425,W <small>(Mon)</small>,NOT 2<br/>@LIV 2 F,0,0,0%,0%,052ce,YES,2026-08-31_15-10-08,,,0,0,0,0,0,0,0,0,0,0,0,0,0,0,0,0,0,0,0,0,0,0,0,0,0,0,0,0,0,0,0,0,0,0,0,0,0,0,0,0,0,NO,0,0,0,0,0,
*06cmt*,Tom King,EVE,G,434,W <small>(Mon)</small>,EVE 1<br/>@BOU 1 F,0,0,0%,0%,06cmt,YES,2026-08-31_15-10-08,,,0,0,0,0,0,0,0,0,0,0,0,0,0,0,0,0,0,0,0,0,0,0,0,0,0,0,0,0,0,0,0,0,0,0,0,0,0,0,0,0,0,NO,0,0,0,0,0,
*078gf*,Theo Mawene,BRF,F,463,W <small>(Tue)</small>,BRF 1<br/>@LEE 1 F,0,0,0%,0%,078gf,YES,2026-08-31_15-10-08,,,0,0,0,0,0,0,0,0,0,0,0,0,0,0,0,0,0,0,0,0,0,0,0,0,0,0,0,0,0,0,0,0,0,0,0,0,0,0,0,0,0,NO,0,0,0,0,0,
*076de*,Dillon Phillips,HUL,G,521,W <small>(Mon)</small>,HUL 1<br/>@COV 0 F,0,0,0%,0%,076de,YES,2026-08-31_15-10-08,,,0,0,0,0,0,0,0,0,0,0,0,0,0,0,0,0,0,0,0,0,0,0,0,0,0,0,0,0,0,0,0,0,0,0,0,0,0,0,0,0,0,NO,0,0,0,0,0,
*078rd*,Lucas Pitt,LIV,D,526,W <small>(Mon)</small>,NOT 2<br/>@LIV 2 F,0,0,0%,0%,078rd,YES,2026-08-31_15-10-08,,,0,0,0,0,0,0,0,0,0,0,0,0,0,0,0,0,0,0,0,0,0,0,0,0,0,0,0,0,0,0,0,0,0,0,0,0,0,0,0,0,0,NO,0,0,0,0,0,
*06r5r*,Matai Akinmboni,BOU,D,276,W <small>(Mon)</small>,EVE 1<br/>@BOU 1 F,0,0,0%,0%,06r5r,YES,2026-08-31_15-10-08,,,0,0,0,0,0,0,0,0,0,0,0,0,0,0,0,0,0,0,0,0,0,0,0,0,0,0,0,0,0,0,0,0,0,0,0,0,0,0,0,0,0,NO,0,0,0,0,0,
*03ysd*,Sam Byram,LEE,D,320,W <small>(Tue)</small>,BRF 1<br/>@LEE 1 F,0,0,0%,0%,03ysd,YES,2026-08-31_15-10-08,,,0,0,0,0,0,0,0,0,0,0,0,0,0,0,0,0,0,0,0,0,0,0,0,0,0,0,0,0,0,0,0,0,0,0,0,0,0,0,0,0,0,NO,0,0,0,0,0,
*062du*,Darko Gyabi,HUL,M,401,W <small>(Mon)</small>,HUL 1<br/>@COV 0 F,0,0,0%,0%,062du,YES,2026-08-31_15-10-08,,,0,0,0,0,0,0,0,0,0,0,0,0,0,0,0,0,0,0,0,0,0,0,0,0,0,0,0,0,0,0,0,0,0,0,0,0,0,0,0,0,0,NO,0,0,0,0,0,
*05o6g*,Cedric Kipre,IPS,D,435,W <small>(Wed)</small>,IPS 2<br/>@MUN 5 F,0,0,0%,0%,05o6g,YES,2026-08-31_15-10-08,,,0,0,0,0,0,0,0,0,0,0,0,0,0,0,0,0,0,0,0,0,0,0,0,0,0,0,0,0,0,0,0,0,0,0,0,0,0,0,0,0,0,NO,0,0,0,0,0,
*06do3*,James McConnell,LIV,M,466,W <small>(Mon)</small>,NOT 2<br/>@LIV 2 F,0,0,0%,0%,06do3,YES,2026-08-31_15-10-08,,,0,0,0,0,0,0,0,0,0,0,0,0,0,0,0,0,0,0,0,0,0,0,0,0,0,0,0,0,0,0,0,0,0,0,0,0,0,0,0,0,0,NO,0,0,0,0,0,
*06r3w*,Remy Rees-Dottin,BOU,F,533,W <small>(Mon)</small>,EVE 1<br/>@BOU 1 F,0,0,0%,0%,06r3w,YES,2026-08-31_15-10-08,,,0,0,0,0,0,0,0,0,0,0,0,0,0,0,0,0,0,0,0,0,0,0,0,0,0,0,0,0,0,0,0,0,0,0,0,0,0,0,0,0,0,NO,0,0,0,0,0,
*04gyd*,Brandon Austin,TOT,G,287,W <small>(Tue)</small>,NEW 2<br/>@TOT 0 F,0,0,0%,0%,04gyd,YES,2026-08-31_15-10-08,,,0,0,0,0,0,0,0,0,0,0,0,0,0,0,0,0,0,0,0,0,0,0,0,0,0,0,0,0,0,0,0,0,0,0,0,0,0,0,0,0,0,NO,0,0,0,0,0,
*072o9*,Jocelin Ta Bi,SUN,"M,F",304,W <small>(Tue)</small>,FUL 0<br/>@SUN 1 F,0,0,0%,0%,072o9,YES,2026-08-31_15-10-08,,,0,0,0,0,0,0,0,0,0,0,0,0,0,0,0,0,0,0,0,0,0,0,0,0,0,0,0,0,0,0,0,0,0,0,0,0,0,0,0,0,0,NO,0,0,0,0,0,
*06xzi*,Tyler Bindon,NOT,D,306,W <small>(Mon)</small>,NOT 2<br/>@LIV 2 F,0,0,0%,0%,06xzi,YES,2026-08-31_15-10-08,,,0,0,0,0,0,0,0,0,0,0,0,0,0,0,0,0,0,0,0,0,0,0,0,0,0,0,0,0,0,0,0,0,0,0,0,0,0,0,0,0,0,NO,0,0,0,0,0,
*06rlf*,Eiran Cashin,BHA,D,325,W <small>(Tue)</small>,BHA 3<br/>@CHE 4 F,0,0,0%,0%,06rlf,YES,2026-08-31_15-10-08,,,0,0,0,0,0,0,0,0,0,0,0,0,0,0,0,0,0,0,0,0,0,0,0,0,0,0,0,0,0,0,0,0,0,0,0,0,0,0,0,0,0,NO,0,0,0,0,0,
*03m5h*,Kieran Dowell,HUL,M,362,W <small>(Mon)</small>,HUL 1<br/>@COV 0 F,0,0,0%,0%,03m5h,YES,2026-08-31_15-10-08,,,0,0,0,0,0,0,0,0,0,0,0,0,0,0,0,0,0,0,0,0,0,0,0,0,0,0,0,0,0,0,0,0,0,0,0,0,0,0,0,0,0,NO,0,0,0,0,0,
*06h1g*,Aidan Harris,NEW,G,405,W <small>(Tue)</small>,NEW 2<br/>@TOT 0 F,0,0,0%,0%,06h1g,YES,2026-08-31_15-10-08,,,0,0,0,0,0,0,0,0,0,0,0,0,0,0,0,0,0,0,0,0,0,0,0,0,0,0,0,0,0,0,0,0,0,0,0,0,0,0,0,0,0,NO,0,0,0,0,0,
*05rey*,Kaine Hayden,COV,D,406,W <small>(Mon)</small>,HUL 1<br/>@COV 0 F,0,0,0%,0%,05rey,YES,2026-08-31_15-10-08,,,0,0,0,0,0,0,0,0,0,0,0,0,0,0,0,0,0,0,0,0,0,0,0,0,0,0,0,0,0,0,0,0,0,0,0,0,0,0,0,0,0,NO,0,0,0,0,0,
*06mgk*,Jayden Meghoma,BRF,D,470,W <small>(Tue)</small>,BRF 1<br/>@LEE 1 F,0,0,0%,0%,06mgk,YES,2026-08-31_15-10-08,,,0,0,0,0,0,0,0,0,0,0,0,0,0,0,0,0,0,0,0,0,0,0,0,0,0,0,0,0,0,0,0,0,0,0,0,0,0,0,0,0,0,NO,0,0,0,0,0,
*06cm4*,Chiedozie Ogbene,IPS,F,507,W <small>(Wed)</small>,IPS 2<br/>@MUN 5 F,0,0,0%,0%,06cm4,YES,2026-08-31_15-10-08,,,0,0,0,0,0,0,0,0,0,0,0,0,0,0,0,0,0,0,0,0,0,0,0,0,0,0,0,0,0,0,0,0,0,0,0,0,0,0,0,0,0,NO,0,0,0,0,0,
*062op*,Omar Richards,NOT,D,534,W <small>(Mon)</small>,NOT 2<br/>@LIV 2 F,0,0,0%,0%,062op,YES,2026-08-31_15-10-08,,,0,0,0,0,0,0,0,0,0,0,0,0,0,0,0,0,0,0,0,0,0,0,0,0,0,0,0,0,0,0,0,0,0,0,0,0,0,0,0,0,0,NO,0,0,0,0,0,
*06on5*,Leo Shahar,NEW,D,555,W <small>(Tue)</small>,NEW 2<br/>@TOT 0 F,0,0,0%,0%,06on5,YES,2026-08-31_15-10-08,,,0,0,0,0,0,0,0,0,0,0,0,0,0,0,0,0,0,0,0,0,0,0,0,0,0,0,0,0,0,0,0,0,0,0,0,0,0,0,0,0,0,NO,0,0,0,0,0,
*062pa*,Joseph Whitworth,CRY,G,595,FA,MCI 4<br/>@CRY 1 F,0,0,0%,0%,062pa,YES,2026-08-31_15-10-08,,,0,0,0,0,0,0,0,0,0,0,0,0,0,0,0,0,0,0,0,0,0,0,0,0,0,0,0,0,0,0,0,0,0,0,0,0,0,0,0,0,0,NO,0,0,0,0,0,
*078g5*,Macauley Zepa,FUL,F,608,W <small>(Tue)</small>,FUL 0<br/>@SUN 1 F,0,0,0%,0%,078g5,YES,2026-08-31_15-10-08,,,0,0,0,0,0,0,0,0,0,0,0,0,0,0,0,0,0,0,0,0,0,0,0,0,0,0,0,0,0,0,0,0,0,0,0,0,0,0,0,0,0,NO,0,0,0,0,0,
*0784v*,Kayne van Oevelen,IPS,G,620,W <small>(Wed)</small>,IPS 2<br/>@MUN 5 F,0,0,0%,0%,0784v,YES,2026-08-31_15-10-08,,,0,0,0,0,0,0,0,0,0,0,0,0,0,0,0,0,0,0,0,0,0,0,0,0,0,0,0,0,0,0,0,0,0,0,0,0,0,0,0,0,0,NO,0,0,0,0,0,
*05u40*,Ellery Balcombe,BRF,G,295,W <small>(Tue)</small>,BRF 1<br/>@LEE 1 F,0,0,0%,0%,05u40,YES,2026-08-31_15-10-08,,,0,0,0,0,0,0,0,0,0,0,0,0,0,0,0,0,0,0,0,0,0,0,0,0,0,0,0,0,0,0,0,0,0,0,0,0,0,0,0,0,0,NO,0,0,0,0,0,
*0784j*,Raphael Borges Rodrigues,COV,F,308,W <small>(Mon)</small>,HUL 1<br/>@COV 0 F,0,0,0%,0%,0784j,YES,2026-08-31_15-10-08,,,0,0,0,0,0,0,0,0,0,0,0,0,0,0,0,0,0,0,0,0,0,0,0,0,0,0,0,0,0,0,0,0,0,0,0,0,0,0,0,0,0,NO,0,0,0,0,0,
*06v00*,Sam Chambers,LEE,M,329,W <small>(Tue)</small>,BRF 1<br/>@LEE 1 F,0,0,0%,0%,06v00,YES,2026-08-31_15-10-08,,,0,0,0,0,0,0,0,0,0,0,0,0,0,0,0,0,0,0,0,0,0,0,0,0,0,0,0,0,0,0,0,0,0,0,0,0,0,0,0,0,0,NO,0,0,0,0,0,
*07934*,Mohamed-Ali Cho,HUL,F,334,W <small>(Mon)</small>,HUL 1<br/>@COV 0 F,0,0,0%,0%,07934,YES,2026-08-31_15-10-08,,,0,0,0,0,0,0,0,0,0,0,0,0,0,0,0,0,0,0,0,0,0,0,0,0,0,0,0,0,0,0,0,0,0,0,0,0,0,0,0,0,0,NO,0,0,0,0,0,
*075zi*,Alfie Cresswell,LEE,M,340,W <small>(Tue)</small>,BRF 1<br/>@LEE 1 F,0,0,0%,0%,075zi,YES,2026-08-31_15-10-08,,,0,0,0,0,0,0,0,0,0,0,0,0,0,0,0,0,0,0,0,0,0,0,0,0,0,0,0,0,0,0,0,0,0,0,0,0,0,0,0,0,0,NO,0,0,0,0,0,
*05rfp*,Harvey Davies,LIV,G,346,W <small>(Mon)</small>,NOT 2<br/>@LIV 2 F,0,0,0%,0%,05rfp,YES,2026-08-31_15-10-08,,,0,0,0,0,0,0,0,0,0,0,0,0,0,0,0,0,0,0,0,0,0,0,0,0,0,0,0,0,0,0,0,0,0,0,0,0,0,0,0,0,0,NO,0,0,0,0,0,
*05roa*,Cody Drameh,HUL,D,364,W <small>(Mon)</small>,HUL 1<br/>@COV 0 F,0,0,0%,0%,05roa,YES,2026-08-31_15-10-08,,,0,0,0,0,0,0,0,0,0,0,0,0,0,0,0,0,0,0,0,0,0,0,0,0,0,0,0,0,0,0,0,0,0,0,0,0,0,0,0,0,0,NO,0,0,0,0,0,
*078qj*,Reiss Elliot-Parris,TOT,F,371,W <small>(Tue)</small>,NEW 2<br/>@TOT 0 F,0,0,0%,0%,078qj,YES,2026-08-31_15-10-08,,,0,0,0,0,0,0,0,0,0,0,0,0,0,0,0,0,0,0,0,0,0,0,0,0,0,0,0,0,0,0,0,0,0,0,0,0,0,0,0,0,0,NO,0,0,0,0,0,
*078lh*,Solomon Honor,MUN,G,413,W <small>(Wed)</small>,IPS 2<br/>@MUN 5 F,0,0,0%,0%,078lh,YES,2026-08-31_15-10-08,,,0,0,0,0,0,0,0,0,0,0,0,0,0,0,0,0,0,0,0,0,0,0,0,0,0,0,0,0,0,0,0,0,0,0,0,0,0,0,0,0,0,NO,0,0,0,0,0,
*075sh*,Jayden Lienou,LEE,D,449,W <small>(Tue)</small>,BRF 1<br/>@LEE 1 F,0,0,0%,0%,075sh,YES,2026-08-31_15-10-08,,,0,0,0,0,0,0,0,0,0,0,0,0,0,0,0,0,0,0,0,0,0,0,0,0,0,0,0,0,0,0,0,0,0,0,0,0,0,0,0,0,0,NO,0,0,0,0,0,
*06ews*,Dermot Mee,MUN,G,469,W <small>(Wed)</small>,IPS 2<br/>@MUN 5 F,0,0,0%,0%,06ews,YES,2026-08-31_15-10-08,,,0,0,0,0,0,0,0,0,0,0,0,0,0,0,0,0,0,0,0,0,0,0,0,0,0,0,0,0,0,0,0,0,0,0,0,0,0,0,0,0,0,NO,0,0,0,0,0,
*06nbu*,Stephen Mfuni,COV,D,475,W <small>(Tue)</small>,HUL 1<br/>@COV 0 F,0,0,0%,0%,06nbu,YES,2026-08-31_15-10-08,,,,,,,,,,,,,,,,,,,,,,,,,,,,,,,,,,,,,,,,,,,,,,,,,0,
*0788b*,Callum Mills,LEE,M,478,W <small>(Tue)</small>,BRF 1<br/>@LEE 1 F,0,0,0%,0%,0788b,YES,2026-08-31_15-10-08,,,0,0,0,0,0,0,0,0,0,0,0,0,0,0,0,0,0,0,0,0,0,0,0,0,0,0,0,0,0,0,0,0,0,0,0,0,0,0,0,0,0,NO,0,0,0,0,0,
*072at*,Nehemiah Oriola,BHA,F,511,W <small>(Tue)</small>,BHA 3<br/>@CHE 4 F,0,0,0%,0%,072at,YES,2026-08-31_15-10-08,,,0,0,0,0,0,0,0,0,0,0,0,0,0,0,0,0,0,0,0,0,0,0,0,0,0,0,0,0,0,0,0,0,0,0,0,0,0,0,0,0,0,NO,0,0,0,0,0,
*06ya6*,Kota Takai,TOT,D,572,W <small>(Tue)</small>,NEW 2<br/>@TOT 0 F,0,0,0%,0%,06ya6,YES,2026-08-31_15-10-08,,,0,0,0,0,0,0,0,0,0,0,0,0,0,0,0,0,0,0,0,0,0,0,0,0,0,0,0,0,0,0,0,0,0,0,0,0,0,0,0,0,0,NO,0,0,0,0,0,
*06mfy*,Luke Woolfenden,COV,D,602,W <small>(Mon)</small>,HUL 1<br/>@COV 0 F,0,0,0%,0%,06mfy,YES,2026-08-31_15-10-08,,,0,0,0,0,0,0,0,0,0,0,0,0,0,0,0,0,0,0,0,0,0,0,0,0,0,0,0,0,0,0,0,0,0,0,0,0,0,0,0,0,0,NO,0,0,0,0,0,
*0784t*,Oscar Zambrano,HUL,M,607,W <small>(Mon)</small>,HUL 1<br/>@COV 0 F,0,0,0%,0%,0784t,YES,2026-08-31_15-10-08,,,0,0,0,0,0,0,0,0,0,0,0,0,0,0,0,0,0,0,0,0,0,0,0,0,0,0,0,0,0,0,0,0,0,0,0,0,0,0,0,0,0,NO,0,0,0,0,0,
*06mnd*,Eric da Silva Moreira,NOT,F,613,W <small>(Mon)</small>,NOT 2<br/>@LIV 2 F,0,0,0%,0%,06mnd,YES,2026-08-31_15-10-08,,,0,0,0,0,0,0,0,0,0,0,0,0,0,0,0,0,0,0,0,0,0,0,0,0,0,0,0,0,0,0,0,0,0,0,0,0,0,0,0,0,0,NO,0,0,0,0,0,
*078qi*,Miracle Adewole,TOT,D,271,W <small>(Tue)</small>,NEW 2<br/>@TOT 0 F,0,0,0%,0%,078qi,YES,2026-08-31_15-10-08,,,0,0,0,0,0,0,0,0,0,0,0,0,0,0,0,0,0,0,0,0,0,0,0,0,0,0,0,0,0,0,0,0,0,0,0,0,0,0,0,0,0,NO,0,0,0,0,0,
*076dr*,David Akintola,HUL,"M,F",277,W <small>(Mon)</small>,HUL 1<br/>@COV 0 F,0,0,0%,0%,076dr,YES,2026-08-31_15-10-08,,,0,0,0,0,0,0,0,0,0,0,0,0,0,0,0,0,0,0,0,0,0,0,0,0,0,0,0,0,0,0,0,0,0,0,0,0,0,0,0,0,0,NO,0,0,0,0,0,
*078fx*,Owen Asemota,AVL,G,286,FA,ARS Tue 5:00AM,0,0,0%,0%,078fx,YES,2026-08-31_15-10-08,,,0,0,0,0,0,0,0,0,0,0,0,0,0,0,0,0,0,0,0,0,0,0,0,0,0,0,0,0,0,0,0,0,0,0,0,0,0,0,0,0,0,NO,0,0,0,0,0,
*06xzn*,Abdoullah Ba,SUN,M,290,W <small>(Tue)</small>,FUL 0<br/>@SUN 1 F,0,0,0%,0%,06xzn,YES,2026-08-31_15-10-08,,,0,0,0,0,0,0,0,0,0,0,0,0,0,0,0,0,0,0,0,0,0,0,0,0,0,0,0,0,0,0,0,0,0,0,0,0,0,0,0,0,0,NO,0,0,0,0,0,
*02lo6*,Daniel Bentley,COV,G,301,W <small>(Mon)</small>,HUL 1<br/>@COV 0 F,0,0,0%,0%,02lo6,YES,2026-08-31_15-10-08,,,0,0,0,0,0,0,0,0,0,0,0,0,0,0,0,0,0,0,0,0,0,0,0,0,0,0,0,0,0,0,0,0,0,0,0,0,0,0,0,0,0,NO,0,0,0,0,0,
*06uzw*,Alex Cairns,LEE,G,323,W <small>(Tue)</small>,BRF 1<br/>@LEE 1 F,0,0,0%,0%,06uzw,YES,2026-08-31_15-10-08,,,0,0,0,0,0,0,0,0,0,0,0,0,0,0,0,0,0,0,0,0,0,0,0,0,0,0,0,0,0,0,0,0,0,0,0,0,0,0,0,0,0,NO,0,0,0,0,0,
*07918*,Michele Di Gregorio,BOU,G,350,W <small>(Mon)</small>,EVE 1<br/>@BOU 1 F,0,0,0%,0%,07918,YES,2026-08-31_15-10-08,,,0,0,0,0,0,0,0,0,0,0,0,0,0,0,0,0,0,0,0,0,0,0,0,0,0,0,0,0,0,0,0,0,0,0,0,0,0,0,0,0,0,NO,0,0,0,0,0,
*078gh*,Fred Heath,MUN,G,407,W <small>(Wed)</small>,IPS 2<br/>@MUN 5 F,0,0,0%,0%,078gh,YES,2026-08-31_15-10-08,,,0,0,0,0,0,0,0,0,0,0,0,0,0,0,0,0,0,0,0,0,0,0,0,0,0,0,0,0,0,0,0,0,0,0,0,0,0,0,0,0,0,NO,0,0,0,0,0,
*0790i*,Jules Ahoka,SUN,M,274,W <small>(Tue)</small>,FUL 0<br/>@SUN 1 F,0,0,0%,0%,0790i,YES,2026-08-31_15-10-08,,,0,0,0,0,0,0,0,0,0,0,0,0,0,0,0,0,0,0,0,0,0,0,0,0,0,0,0,0,0,0,0,0,0,0,0,0,0,0,0,0,0,NO,0,0,0,0,0,
*02lpi*,Jake Bidwell,COV,D,305,W <small>(Mon)</small>,HUL 1<br/>@COV 0 F,0,0,0%,0%,02lpi,YES,2026-08-31_15-10-08,,,0,0,0,0,0,0,0,0,0,0,0,0,0,0,0,0,0,0,0,0,0,0,0,0,0,0,0,0,0,0,0,0,0,0,0,0,0,0,0,0,0,NO,0,0,0,0,0,
*06ewm*,Alex Borto,FUL,G,309,W <small>(Tue)</small>,FUL 0<br/>@SUN 1 F,0,0,0%,0%,06ewm,YES,2026-08-31_15-10-08,,,0,0,0,0,0,0,0,0,0,0,0,0,0,0,0,0,0,0,0,0,0,0,0,0,0,0,0,0,0,0,0,0,0,0,0,0,0,0,0,0,0,NO,0,0,0,0,0,
*06pry*,Kaden Braithwaite,MCI,D,312,FA,MCI 4<br/>@CRY 1 F,0,0,0%,0%,06pry,YES,2026-08-31_15-10-08,,,,,,,,,,,,,,,,,,,,,,,,,,,,,,,,,,,,,,,,,,,,,,,,,0,
*076d1*,Miguel Angel Brau,COV,D,313,W <small>(Mon)</small>,HUL 1<br/>@COV 0 F,0,0,0%,0%,076d1,YES,2026-08-31_15-10-08,,,0,0,0,0,0,0,0,0,0,0,0,0,0,0,0,0,0,0,0,0,0,0,0,0,0,0,0,0,0,0,0,0,0,0,0,0,0,0,0,0,0,NO,0,0,0,0,0,
*048xg*,Josh Dasilva,BRF,M,343,W <small>(Tue)</small>,BRF 1<br/>@LEE 1 F,0,0,0%,0%,048xg,YES,2026-08-31_15-10-08,,,0,0,0,0,0,0,0,0,0,0,0,0,0,0,0,0,0,0,0,0,0,0,0,0,0,0,0,0,0,0,0,0,0,0,0,0,0,0,0,0,0,NO,0,0,0,0,0,
*078lg*,Harvey Foster,EVE,M,381,W <small>(Mon)</small>,EVE 1<br/>@BOU 1 F,0,0,0%,0%,078lg,YES,2026-08-31_15-10-08,,,0,0,0,0,0,0,0,0,0,0,0,0,0,0,0,0,0,0,0,0,0,0,0,0,0,0,0,0,0,0,0,0,0,0,0,0,0,0,0,0,0,NO,0,0,0,0,0,
*06igq*,Benjamin Fredrick,BRF,D,383,W <small>(Tue)</small>,BRF 1<br/>@LEE 1 F,0,0,0%,0%,06igq,YES,2026-08-31_15-10-08,,,0,0,0,0,0,0,0,0,0,0,0,0,0,0,0,0,0,0,0,0,0,0,0,0,0,0,0,0,0,0,0,0,0,0,0,0,0,0,0,0,0,NO,0,0,0,0,0,
*078gi*,Henry Johnson,NEW,D,428,W <small>(Tue)</small>,NEW 2<br/>@TOT 0 F,0,0,0%,0%,078gi,YES,2026-08-31_15-10-08,,,0,0,0,0,0,0,0,0,0,0,0,0,0,0,0,0,0,0,0,0,0,0,0,0,0,0,0,0,0,0,0,0,0,0,0,0,0,0,0,0,0,NO,0,0,0,0,0,
*04h87*,Joel Latibeaudiere,COV,D,445,W <small>(Mon)</small>,HUL 1<br/>@COV 0 F,0,0,0%,0%,04h87,YES,2026-08-31_15-10-08,,,0,0,0,0,0,0,0,0,0,0,0,0,0,0,0,0,0,0,0,0,0,0,0,0,0,0,0,0,0,0,0,0,0,0,0,0,0,0,0,0,0,NO,0,0,0,0,0,
*05rbn*,Thomas McGill,BHA,G,467,W <small>(Tue)</small>,BHA 3<br/>@CHE 4 F,0,0,0%,0%,05rbn,YES,2026-08-31_15-10-08,,,0,0,0,0,0,0,0,0,0,0,0,0,0,0,0,0,0,0,0,0,0,0,0,0,0,0,0,0,0,0,0,0,0,0,0,0,0,0,0,0,0,NO,0,0,0,0,0,
*078gg*,Jesse Middleton,BHA,M,476,W <small>(Tue)</small>,BHA 3<br/>@CHE 4 F,0,0,0%,0%,078gg,YES,2026-08-31_15-10-08,,,0,0,0,0,0,0,0,0,0,0,0,0,0,0,0,0,0,0,0,0,0,0,0,0,0,0,0,0,0,0,0,0,0,0,0,0,0,0,0,0,0,NO,0,0,0,0,0,
*0788a*,Darryl Ombang,LEE,G,509,W <small>(Tue)</small>,BRF 1<br/>@LEE 1 F,0,0,0%,0%,0788a,YES,2026-08-31_15-10-08,,,0,0,0,0,0,0,0,0,0,0,0,0,0,0,0,0,0,0,0,0,0,0,0,0,0,0,0,0,0,0,0,0,0,0,0,0,0,0,0,0,0,NO,0,0,0,0,0,
*078ge*,Luca Picotto,BRF,M,524,W <small>(Tue)</small>,BRF 1<br/>@LEE 1 F,0,0,0%,0%,078ge,YES,2026-08-31_15-10-08,,,0,0,0,0,0,0,0,0,0,0,0,0,0,0,0,0,0,0,0,0,0,0,0,0,0,0,0,0,0,0,0,0,0,0,0,0,0,0,0,0,0,NO,0,0,0,0,0,
*078g0*,Natalia Ramos,LIV,D,529,W <small>(Mon)</small>,NOT 2<br/>@LIV 2 F,0,0,0%,0%,078g0,YES,2026-08-31_15-10-08,,,0,0,0,0,0,0,0,0,0,0,0,0,0,0,0,0,0,0,0,0,0,0,0,0,0,0,0,0,0,0,0,0,0,0,0,0,0,0,0,0,0,NO,0,0,0,0,0,
*06xzp*,Luis Semedo,SUN,F,557,W <small>(Tue)</small>,FUL 0<br/>@SUN 1 F,0,0,0%,0%,06xzp,YES,2026-08-31_15-10-08,,,0,0,0,0,0,0,0,0,0,0,0,0,0,0,0,0,0,0,0,0,0,0,0,0,0,0,0,0,0,0,0,0,0,0,0,0,0,0,0,0,0,NO,0,0,0,0,0,
*06rwp*,Charlie Tasker,BHA,D,575,W <small>(Tue)</small>,BHA 3<br/>@CHE 4 F,0,0,0%,0%,06rwp,YES,2026-08-31_15-10-08,,,0,0,0,0,0,0,0,0,0,0,0,0,0,0,0,0,0,0,0,0,0,0,0,0,0,0,0,0,0,0,0,0,0,0,0,0,0,0,0,0,0,NO,0,0,0,0,0,
*06avm*,James Wright,AVL,G,604,FA,ARS Tue 5:00AM,0,0,0%,0%,06avm,YES,2026-08-31_15-10-08,,,0,0,0,0,0,0,0,0,0,0,0,0,0,0,0,0,0,0,0,0,0,0,0,0,0,0,0,0,0,0,0,0,0,0,0,0,0,0,0,0,0,NO,0,0,0,0,0,
*06muk*,James Scanlon,ARS,M,547,W <small>(Mon)</small>,@AVL Tue 5:00AM,0,0,0%,0%,06muk,YES,2026-08-31_15-10-08,,,,,,,,,,,,,,,,,,,,,,,,,,,,,,,,,,,,,,,,,,,,,,,,,0,
*076di*,Matty Jacob,HUL,D,423,W <small>(Mon)</small>,HUL 1<br/>@COV 0 F,0,0,0%,0%,076di,YES,2026-08-31_15-10-08,,,0,0,0,0,0,0,0,0,0,0,0,0,0,0,0,0,0,0,0,0,0,0,0,0,0,0,0,0,0,0,0,0,0,0,0,0,0,0,0,0,0,NO,0,0,0,0,0,
*076dl*,Eliot Matazo,HUL,M,460,W <small>(Mon)</small>,HUL 1<br/>@COV 0 F,0,0,0%,0%,076dl,YES,2026-08-31_15-10-08,,,0,0,0,0,0,0,0,0,0,0,0,0,0,0,0,0,0,0,0,0,0,0,0,0,0,0,0,0,0,0,0,0,0,0,0,0,0,0,0,0,0,NO,0,0,0,0,0,
*05xtr*,Teddy Sharman-Lowe,CHE,G,556,W <small>(Tue)</small>,BHA 3<br/>@CHE 4 F,0,0,0%,0%,05xtr,YES,2026-08-31_15-10-08,,,0,0,0,0,0,0,0,0,0,0,0,0,0,0,0,0,0,0,0,0,0,0,0,0,0,0,0,0,0,0,0,0,0,0,0,0,0,0,0,0,0,NO,0,0,0,0,0,
*0784s*,Abdulkadir Omur,HUL,M,622,W <small>(Mon)</small>,HUL 1<br/>@COV 0 F,0,0,0%,0%,0784s,YES,2026-08-31_15-10-08,,,0,0,0,0,0,0,0,0,0,0,0,0,0,0,0,0,0,0,0,0,0,0,0,0,0,0,0,0,0,0,0,0,0,0,0,0,0,0,0,0,0,NO,0,0,0,0,0,
*078gc*,Caelan Avenell,BRF,D,288,W <small>(Tue)</small>,BRF 1<br/>@LEE 1 F,0,0,0%,0%,078gc,YES,2026-08-31_15-10-08,,,0,0,0,0,0,0,0,0,0,0,0,0,0,0,0,0,0,0,0,0,0,0,0,0,0,0,0,0,0,0,0,0,0,0,0,0,0,0,0,0,0,NO,0,0,0,0,0,
*0791o*,Charlie Compton,IPS,M,338,W <small>(Wed)</small>,IPS 2<br/>@MUN 5 F,0,0,0%,0%,0791o,YES,2026-08-31_15-10-08,,,0,0,0,0,0,0,0,0,0,0,0,0,0,0,0,0,0,0,0,0,0,0,0,0,0,0,0,0,0,0,0,0,0,0,0,0,0,0,0,0,0,NO,0,0,0,0,0,
*078gd*,Andre Grey,BRF,M,396,W <small>(Tue)</small>,BRF 1<br/>@LEE 1 F,0,0,0%,0%,078gd,YES,2026-08-31_15-10-08,,,0,0,0,0,0,0,0,0,0,0,0,0,0,0,0,0,0,0,0,0,0,0,0,0,0,0,0,0,0,0,0,0,0,0,0,0,0,0,0,0,0,NO,0,0,0,0,0,
*076df*,Archie Howard,HUL,G,414,W <small>(Mon)</small>,HUL 1<br/>@COV 0 F,0,0,0%,0%,076df,YES,2026-08-31_15-10-08,,,0,0,0,0,0,0,0,0,0,0,0,0,0,0,0,0,0,0,0,0,0,0,0,0,0,0,0,0,0,0,0,0,0,0,0,0,0,0,0,0,0,NO,0,0,0,0,0,
*06mg4*,Cameron Humphreys,IPS,M,418,W <small>(Wed)</small>,IPS 2<br/>@MUN 5 F,0,0,0%,0%,06mg4,YES,2026-08-31_15-10-08,,,0,0,0,0,0,0,0,0,0,0,0,0,0,0,0,0,0,0,0,0,0,0,0,0,0,0,0,0,0,0,0,0,0,0,0,0,0,0,0,0,0,NO,0,0,0,0,0,
*078yi*,Tyrell Sellars-Fleming,HUL,F,552,W <small>(Mon)</small>,HUL 1<br/>@COV 0 F,0,0,0%,0%,078yi,YES,2026-08-31_15-10-08,,,0,0,0,0,0,0,0,0,0,0,0,0,0,0,0,0,0,0,0,0,0,0,0,0,0,0,0,0,0,0,0,0,0,0,0,0,0,0,0,0,0,NO,0,0,0,0,0,
*06s7r*,Freddie Simmonds,BHA,D,558,W <small>(Tue)</small>,BHA 3<br/>@CHE 4 F,0,0,0%,0%,06s7r,YES,2026-08-31_15-10-08,,,0,0,0,0,0,0,0,0,0,0,0,0,0,0,0,0,0,0,0,0,0,0,0,0,0,0,0,0,0,0,0,0,0,0,0,0,0,0,0,0,0,NO,0,0,0,0,0,
*02lzt*,Keith Andrews,COV,M,281,W <small>(Mon)</small>,HUL 1<br/>@COV 0 F,0,0,0%,0%,02lzt,YES,2026-08-31_15-10-08,,,0,0,0,0,0,0,0,0,0,0,0,0,0,0,0,0,0,0,0,0,0,0,0,0,0,0,0,0,0,0,0,0,0,0,0,0,0,0,0,0,0,NO,0,0,0,0,0,
*0791p*,Tudor Mendel-Idowu,IPS,M,472,W <small>(Wed)</small>,IPS 2<br/>@MUN 5 F,0,0,0%,0%,0791p,YES,2026-08-31_15-10-08,,,0,0,0,0,0,0,0,0,0,0,0,0,0,0,0,0,0,0,0,0,0,0,0,0,0,0,0,0,0,0,0,0,0,0,0,0,0,0,0,0,0,NO,0,0,0,0,0,
*07931*,Shane Nti,BHA,M,497,W <small>(Tue)</small>,BHA 3<br/>@CHE 4 F,0,0,0%,0%,07931,YES,2026-08-31_15-10-08,,,0,0,0,0,0,0,0,0,0,0,0,0,0,0,0,0,0,0,0,0,0,0,0,0,0,0,0,0,0,0,0,0,0,0,0,0,0,0,0,0,0,NO,0,0,0,0,0,
*07933*,Chibby Nwoko,FUL,M,501,W <small>(Tue)</small>,FUL 0<br/>@SUN 1 F,0,0,0%,0%,07933,YES,2026-08-31_15-10-08,,,0,0,0,0,0,0,0,0,0,0,0,0,0,0,0,0,0,0,0,0,0,0,0,0,0,0,0,0,0,0,0,0,0,0,0,0,0,0,0,0,0,NO,0,0,0,0,0,
*06kue*,Habeeb Ogunneye,ARS,D,508,W <small>(Tue)</small>,@AVL Tue 5:00AM,0,0,0%,0%,06kue,YES,2026-08-31_15-10-08,,,,,,,,,,,,,,,,,,,,,,,,,,,,,,,,,,,,,,,,,,,,,,,,,0,
*0793o*,Matias Orozco,BHA,M,512,W <small>(Wed)</small>,BHA 3<br/>@CHE 4 F,0,0,0%,0%,0793o,YES,2026-08-31_15-10-08,,,,,,,,,,,,,,,,,,,,,,,,,,,,,,,,,,,,,,,,,,,,,,,,,0,
*07930*,Josh Robertson,BHA,M,536,W <small>(Tue)</small>,BHA 3<br/>@CHE 4 F,0,0,0%,0%,07930,YES,2026-08-31_15-10-08,,,0,0,0,0,0,0,0,0,0,0,0,0,0,0,0,0,0,0,0,0,0,0,0,0,0,0,0,0,0,0,0,0,0,0,0,0,0,0,0,0,0,NO,0,0,0,0,0,
*07932*,Bradley Slade,FUL,D,560,W <small>(Tue)</small>,FUL 0<br/>@SUN 1 F,0,0,0%,0%,07932,YES,2026-08-31_15-10-08,,,0,0,0,0,0,0,0,0,0,0,0,0,0,0,0,0,0,0,0,0,0,0,0,0,0,0,0,0,0,0,0,0,0,0,0,0,0,0,0,0,0,NO,0,0,0,0,0,
*0793n*,Michael Zetterer,LEE,G,609,W <small>(Wed)</small>,BRF 1<br/>@LEE 1 F,0,0,0%,0%,0793n,YES,2026-08-31_15-10-08,,,,,,,,,,,,,,,,,,,,,,,,,,,,,,,,,,,,,,,,,,,,,,,,,0,
*06mn0*,Igor Thiago,BRF,F,633,JTB_21,BRF 1<br/>@LEE 1 F,-1,-0.5,100%,0%,06mn0,YES,2026-08-31_15-10-08,,,0,0,0,0,0,0,0,0,0,0,0,0,0,0,0,0,0,0,0,0,0,0,0,0,0,0,0,0,0,0,0,0,0,0,0,0,0,0,0,0,0,NO,0,0,0,0,-1,2026-08-28_21-36-23
*06jgi*,Daniel Munoz,CRY,"D,M",631,Jrodlem6,MCI 4<br/>@CRY 1 F,-1,-1,99%,0%,06jgi,YES,2026-08-31_15-10-08,,,0,0,0,0,0,0,0,0,0,0,0,0,0,0,0,0,0,0,0,0,0,0,0,0,0,0,0,0,0,0,0,0,0,0,0,0,0,0,0,0,0,NO,0,0,0,0,-1,2026-08-28_21-36-23
*05r8o*,Jean-Philippe Mateta,CRY,F,630,SZB,MCI 4<br/>@CRY 1 F,-1,-1,99%,0%,05r8o,YES,2026-08-31_15-10-08,,,0,0,0,0,0,0,0,0,0,0,0,0,0,0,0,0,0,0,0,0,0,0,0,0,0,0,0,0,0,0,0,0,0,0,0,0,0,0,0,0,0,NO,0,0,0,0,-1,2026-08-28_21-36-23
*070hj*,Kevin,FUL,"M,F",634,W <small>(Tue)</small>,FUL 0<br/>@SUN 1 F,-1,-0.5,44%,0%,070hj,YES,2026-08-31_15-10-08,,,0,0,0,0,0,0,0,0,0,0,0,0,0,0,0,0,0,0,0,0,0,0,0,0,0,0,0,0,0,0,0,0,0,0,0,0,0,0,0,0,0,NO,0,0,0,0,-1,2026-08-28_21-36-23
*0700t*,Omar Alderete,SUN,D,624,W <small>(Tue)</small>,FUL 0<br/>@SUN 1 F,-1,-1,39%,0%,0700t,YES,2026-08-31_15-10-08,,,0,0,0,0,0,0,0,0,0,0,0,0,0,0,0,0,0,0,0,0,0,0,0,0,0,0,0,0,0,0,0,0,0,0,0,0,0,0,0,0,0,NO,0,0,0,0,-1,2026-08-28_21-36-23
*051k8*,Conor Gallagher,TOT,M,626,W <small>(Tue)</small>,NEW 2<br/>@TOT 0 F,-1,-1,39%,0%,051k8,YES,2026-08-31_15-10-08,,,0,0,0,0,0,0,0,0,0,0,0,0,0,0,0,0,0,0,0,0,0,0,0,0,0,0,0,0,0,0,0,0,0,0,0,0,0,0,0,0,0,NO,0,0,0,0,-1,2026-08-28_21-36-23
*03am7*,Jacob Murphy,NEW,"M,F",632,W <small>(Tue)</small>,NEW 2<br/>@TOT 0 F,-1,-0.5,13%,0%,03am7,YES,2026-08-31_15-10-08,,,0,0,0,0,0,0,0,0,0,0,0,0,0,0,0,0,0,0,0,0,0,0,0,0,0,0,0,0,0,0,0,0,0,0,0,0,0,0,0,0,0,NO,0,0,0,0,-1,2026-08-28_21-36-23
*06mn7*,Lucas Bergvall,TOT,M,625,W <small>(Tue)</small>,NEW 2<br/>@TOT 0 F,-1,-1,7%,0%,06mn7,YES,2026-08-31_15-10-08,,,0,0,0,0,0,0,0,0,0,0,0,0,0,0,0,0,0,0,0,0,0,0,0,0,0,0,0,0,0,0,0,0,0,0,0,0,0,0,0,0,0,NO,0,0,0,0,-1,2026-08-28_21-36-23
*06zwj*,Evann Guessand,CRY,"M,F",627,FA,MCI 4<br/>@CRY 1 F,-1,-0.5,2%,0%,06zwj,YES,2026-08-31_15-10-08,,,0,0,0,0,0,0,0,0,0,0,0,0,0,0,0,0,0,0,0,0,0,0,0,0,0,0,0,0,0,0,0,0,0,0,0,0,0,0,0,0,0,NO,0,0,0,0,-1,2026-08-28_21-36-23
*0687c*,Carlos Alcaraz,EVE,M,623,W <small>(Mon)</small>,EVE 1<br/>@BOU 1 F,-1,-0.5,1%,0%,0687c,YES,2026-08-31_15-10-08,,,0,0,0,0,0,0,0,0,0,0,0,0,0,0,0,0,0,0,0,0,0,0,0,0,0,0,0,0,0,0,0,0,0,0,0,0,0,0,0,0,0,NO,0,0,0,0,-1,2026-08-31_05-18-29
*062og*,Aaron Hickey,BRF,D,628,W <small>(Tue)</small>,BRF 1<br/>@LEE 1 F,-1,-0.5,1%,0%,062og,YES,2026-08-31_15-10-08,,,0,0,0,0,0,0,0,0,0,0,0,0,0,0,0,0,0,0,0,0,0,0,0,0,0,0,0,0,0,0,0,0,0,0,0,0,0,0,0,0,0,NO,0,0,0,0,-1,2026-08-28_21-36-23
*076kd*,Costinha,BHA,D,629,W <small>(Tue)</small>,BHA 3<br/>@CHE 4 F,-1,-0.5,0%,0%,076kd,YES,2026-08-31_15-10-08,,,0,0,0,0,0,0,0,0,0,0,0,0,0,0,0,0,0,0,0,0,0,0,0,0,0,0,0,0,0,0,0,0,0,0,0,0,0,0,0,0,0,NO,0,0,0,0,-1,2026-09-01_05-29-47
*06rlj*,Patrick Dorgu,MUN,"D,M",635,W <small>(Wed)</small>,IPS 2<br/>@MUN 5 F,-3,-1.5,98%,0%,06rlj,YES,2026-08-31_15-10-08,,,0,0,0,0,0,0,0,0,0,0,0,0,0,0,0,0,0,0,0,0,0,0,0,0,0,0,0,0,0,0,0,0,0,0,0,0,0,0,0,0,0,NO,0,0,0,0,-3,2026-08-28_21-36-23
*04sjt*,Alisson Becker,LIV,G,636,Catdog,NOT 2<br/>@LIV 2 F,-3,-1.5,85%,+1%,04sjt,YES,2026-08-31_15-10-08,,,0,0,0,0,0,0,0,0,0,0,0,0,0,0,0,0,0,0,0,0,0,0,0,0,0,0,0,0,0,0,0,0,0,0,0,0,0,0,0,0,0,NO,0,0,0,0,-3,2026-08-31_05-18-29
*04fk8*,Victor Lindelof,AVL,D,637,FA,ARS Tue 5:00AM,-4,-4,1%,0%,04fk8,YES,2026-08-31_15-10-08,,,0,0,0,0,0,0,0,0,0,0,0,0,0,0,0,0,0,0,0,0,0,0,0,0,0,0,0,0,0,0,0,0,0,0,0,0,0,0,0,0,0,NO,0,0,0,0,-4,2026-08-29_05-11-01
*068yd*,Joao Gomes,AVL,M,638,W <small>(Tue)</small>,ARS Tue 5:00AM,-7,-7,30%,0%,068yd,YES,2026-08-31_15-10-08,,,0,0,0,0,0,0,0,0,0,0,0,0,0,0,0,0,0,0,0,0,0,0,0,0,0,0,0,0,0,0,0,0,0,0,0,0,0,0,0,0,0,NO,0,0,0,0,-7,2026-08-29_05-11-01
